1086_Q11,1086_Q12_s01,1086_Q12_s02,1086_Q12_s03,1086_Q12_s04,1086_Q12_bis_s01,1086_Q12_bis_s02,1086_Q12_bis_s03,1086_Q12_bis_s04,1086_Q12_bis_s05,1086_Q13,1086_Q14,1086_Q15_s01,1086_Q15_s02,1086_Q15_s03,1086_Q15_s04,1086_Q15_s05,1086_Q15_s06,571_LOCATION,Age group,Sex,City,County,Rural/ Urban,user_id
1,10,5,5,0,5,10,5,10,10,difera doar discursul electoral si posteletoral,3,0,1,1,0,2,0,3420,65+,M,Sectorul 2,Bucuresti,U,194
10,10,10,10,0,0,10,0,10,10,PNL ar trebui sa propuna reforme liberale dar se pare ca nu doreste decat bunastarea unor liberali din conducerea partidului,4,10,0,0,10,0,0,3130,45-54,F,Braila,Braila,U,250
0,3,5,5,7,4,7,3,4,1,Diferenta de opinie si decomplrxitaye,1,6,0,5,4,3,7,3420,35-44,F,Sectorul 2,Bucuresti,U,265
5,10,10,7,6,999,999,999,999,999,999,3,0,10,0,0,0,0,3266,35-44,F,Brasov,Brasov,U,294
7,6,7,10,7,8,8,8,8,8,999,2,10,10,10,10,3,10,2557,45-54,F,Branistea,Bistrita-Nasaud,R,296
10,10,10,10,8,10,10,10,5,10,Fiind partide de orientări diferite cred ca diferența se vede de la distanta.,2,1,4,2,5,0,9,15,45-54,M,Satu Mare,Satu Mare,U,363
9,5,9,0,3,1,10,1,2,1,999,3,10,1,0,4,0,0,5621,35-44,M,Craiova,Dolj,U,395
10,2,9,3,9,2,8,2,2,3,PSD este un partid de stanga   iar PNL un partid de centru dreapta.,3,0,9,9,8,7,0,9124,55-64,F,Targu Mures,Mures,U,418
5,7,8,7,5,8,6,7,7,8,999,2,10,2,3,2,2,2,4473,45-54,M,Cluj-Napoca,Cluj,U,453
10,5,5,5,5,5,5,5,5,5,idei politice,2,10,5,5,5,5,5,11434,35-44,F,Sfantu Ilie,Suceava,R,516
3,4,3,4,3,4,3,5,5,6,999,3,10,1,1,1,1,1,9974,18 -24,F,Blejoi,Prahova,R,607
5,9,6,5,1,4,9,7,6,3,999,2,0,8,10,1,4,3,4443,55-64,M,Campia Turzii,Cluj,U,637
10,10,10,0,0,0,10,0,10,10,999,3,10,0,0,10,0,0,3239,45-54,F,Ulmu,Braila,R,1003
10,10,10,2,0,3,10,0,10,10,"PSD este pentru o viata mai buna ,si sa nu depindem de tot ceea ce spun cei din afara tarii,adica sa nu facem tot ce ne spun ei,Pnl-ul  face jocul lui Iohanis",1,2,0,0,1,0,9,4537,55-64,F,Floresti,Cluj,R,1091
6,8,9,8,2,5,8,8,5,8,sunt cateva,2,10,2,2,5,2,1,6622,25-34,F,Targu Jiu,Gorj,U,1189
4,4,4,4,4,5,5,5,5,5,PNL - MAI PUTINA CORUPTIE,2,0,999,0,0,6,0,12648,45-54,M,Ramnicu Valcea,Valcea,U,1247
0,0,0,0,0,0,0,0,0,0,"PSD-istii au furat cu 12,5 miliarde euro mai mult ca PNL-istii !",2,0,0,10,0,0,10,716,55-64,M,Arad,Arad,U,1252
4,7,7,3,6,6,7,7,6,6,caracterul oamenilor si politica abordata,3,3,1,1,1,1,1,3419,35-44,F,Sectorul 1,Bucuresti,U,1268
999,0,5,999,999,999,999,0,999,999,999,3,5,0,0,0,0,0,1173,35-44,F,Curtea de Arges,Arges,U,1269
999,999,999,999,999,999,999,999,999,999,999,4,999,999,999,999,999,999,10217,25-34,F,Ploiesti,Prahova,U,1279
4,8,10,10,1,6,10,3,4,10,Nu sunt,1,0,4,8,0,10,0,3421,35-44,F,Sectorul 3,Bucuresti,U,1281
999,999,999,999,999,999,999,999,999,999,999,1,0,10,0,0,0,0,8454,25-34,F,Drobeta-Turnu Severin,Mehedinti,U,1443
3,10,10,7,3,7,10,7,3,10,"Diferente de opinie, de doctrina, de oameni politici",2,9,0,0,2,0,0,3421,55-64,F,Sectorul 3,Bucuresti,U,1486
2,5,2,4,10,6,4,4,4,5,Rea,2,3,6,4,5,4,6,3420,25-34,F,Sectorul 2,Bucuresti,U,1512
5,3,2,4,4,3,4,6,5,5,999,2,0,10,0,0,0,0,8041,35-44,F,Magurele,Ilfov,U,1602
5,5,5,5,5,5,5,5,5,5,Lipsa responsibilatii,2,0,5,0,0,8,0,3421,35-44,F,Sectorul 3,Bucuresti,U,1660
10,999,999,999,999,999,999,999,999,999,999,4,0,0,0,0,0,0,8089,25-34,F,Voluntari,Ilfov,U,1806
10,7,10,7,0,7,9,10,10,9,"Diferente de opinii,PNL -ul nu are niciodata bani la buget,PSD -ul are!",3,7,1,5,3,0,0,3422,35-44,F,Sectorul 4,Bucuresti,U,2169
999,999,999,999,999,999,999,999,999,999,999,4,0,0,999,999,999,999,3422,18 -24,F,Sectorul 4,Bucuresti,U,2198
0,0,0,0,0,0,0,0,0,0,999,4,999,999,999,999,999,999,4842,25-34,F,Constanta,Constanta,U,2298
999,999,999,999,999,999,999,999,999,999,999,3,999,10,999,999,999,999,,35-44,F,,,,2315
5,10,10,0,2,3,10,3,10,10,Exista gandiri complet diferite,3,10,0,0,5,0,0,3424,55-64,F,Sectorul 6,Bucuresti,U,2613
5,999,999,7,999,999,10,999,999,999,999,3,8,2,9,999,0,0,3423,35-44,F,Sectorul 5,Bucuresti,U,2648
10,10,10,0,3,2,10,3,10,10,PSD este mai ptr popor fata de PNL care este mai ptr portile straine,1,10,0,0,10,0,0,7987,45-54,F,1 Decembrie,Ilfov,R,2852
7,10,5,9,7,10,10,6,6,10,Ideologia,3,9,0,0,0,0,0,3424,45-54,M,Sectorul 6,Bucuresti,U,2860
10,0,4,6,0,3,3,3,3,3,prefer pnl,1,6,10,6,6,10,0,3424,45-54,F,Sectorul 6,Bucuresti,U,2912
0,999,999,999,999,999,999,999,999,999,nu ma intereseaza suntem satui de politica,4,999,999,999,999,999,999,3422,55-64,M,Sectorul 4,Bucuresti,U,2937
10,10,10,10,10,5,5,4,5,4,999,3,1,1,1,1,1,1,3422,45-54,M,Sectorul 4,Bucuresti,U,2993
1,10,0,10,0,2,10,10,0,0,Numarul de hoti nesimtiti din Parlament,1,0,0,1,0,0,0,11268,45-54,M,Gura Humorului,Suceava,U,3006
7,8,6,4,6,4,5,4,5,4,999,2,2,4,3,6,4,0,2339,35-44,M,Oradea,Bihor,U,3045
5,4,2,3,5,5,5,5,5,5,"pun problema altfel, iau masuri",4,5,5,0,1,3,0,4965,35-44,F,Satu Nou (Mircea Voda),Constanta,R,3053
10,999,999,999,999,999,999,999,999,999,999,4,999,999,999,999,999,999,2318,35-44,M,Marghita,Bihor,U,3056
10,9,10,8,8,8,10,7,3,9,"Diferente de idei politice, oameni si tactici politice, interese",2,10,0,0,6,0,0,8055,65+,M,Otopeni,Ilfov,U,3069
10,999,999,999,999,999,999,999,999,999,...................................................,3,10,0,0,10,0,0,12176,45-54,F,Sarichioi,Tulcea,R,3078
7,9,2,3,0,7,9,7,8,3,Corectitudine si transparenta PNL lipsesc complet la PSD,2,0,7,10,0,0,0,3422,25-34,F,Sectorul 4,Bucuresti,U,3095
0,0,0,0,0,0,0,0,0,0,Nu sunt,2,2,4,2,1,0,0,3424,35-44,F,Sectorul 6,Bucuresti,U,3101
3,9,2,3,0,2,10,10,7,1,Pnl e mai cinstit si mai democratic decat psd,1,0,6,10,0,0,0,3419,35-44,M,Sectorul 1,Bucuresti,U,3128
5,8,5,5,5,5,5,5,5,5,"Unul este de dreapta, celalalt de stanga",3,9,8,5,6,5,0,8235,55-64,F,Ocna Sugatag,Maramures,R,3149
1,999,999,999,999,5,5,5,5,5,999,4,0,0,8,0,1,0,3422,45-54,F,Sectorul 4,Bucuresti,U,3186
999,1,1,1,1,0,0,0,0,0,Sunt antipolitica. Sa nu ii vad.,4,9,0,0,8,0,0,7178,45-54,F,Lupeni,Hunedoara,U,3189
5,3,6,5,4,10,6,4,9,5,Viziune.,3,2,8,2,2,6,1,3424,45-54,F,Sectorul 6,Bucuresti,U,3216
10,10,10,8,9,9,10,9,6,10,"nu prea sunt diferente decat ca PSD are un program de guvernare ,restul sunt numai asemanari promisiuni ,barfe si multe vorbe !!!",2,10,7,0,10,0,0,3266,45-54,F,Brasov,Brasov,U,3228
5,10,10,1,1,0,10,0,9,10,E diferenta cam mare dar pana la urma asa trebuie sa fie Puterea cu Opozitia !,3,6,2,0,10,0,1,3420,65+,F,Sectorul 2,Bucuresti,U,3279
5,5,5,5,5,5,5,5,5,5,Nu sunt,3,5,5,5,5,5,5,7753,35-44,F,Iasi,Iasi,U,3280
999,999,999,999,999,999,999,999,999,999,999,4,0,0,0,0,0,0,3424,25-34,M,Sectorul 6,Bucuresti,U,3369
10,4,10,4,2,7,5,5,5,10,999,3,10,0,5,10,0,0,3420,45-54,F,Sectorul 2,Bucuresti,U,3388
1,5,3,5,1,1,5,5,2,2,999,2,0,0,6,0,0,0,3421,35-44,M,Sectorul 3,Bucuresti,U,3600
10,10,10,10,9,1,10,9,10,10,"psd vrea sa ajute oamenii

pnl este complet gica-contra",4,10,0,0,10,0,0,3423,65+,M,Sectorul 5,Bucuresti,U,3651
9,999,999,999,999,999,999,999,999,999,pnl,1,999,999,999,999,999,999,3420,35-44,F,Sectorul 2,Bucuresti,U,3774
999,999,999,999,999,999,999,999,999,999,999,4,999,999,999,999,999,999,3421,18 -24,F,Sectorul 3,Bucuresti,U,3822
10,999,999,999,999,999,999,999,999,999,999,3,999,999,999,999,999,999,3422,35-44,F,Sectorul 4,Bucuresti,U,4000
999,999,999,999,999,999,999,999,999,999,999,4,999,999,999,999,999,999,3422,45-54,F,Sectorul 4,Bucuresti,U,4003
5,10,10,999,0,5,10,5,10,10,999,2,0,5,10,0,10,0,3420,55-64,F,Sectorul 2,Bucuresti,U,4102
7,999,999,999,999,999,999,999,999,999,",",3,2,2,10,2,2,2,3421,35-44,F,Sectorul 3,Bucuresti,U,4106
6,999,999,10,3,3,999,999,10,999,999,3,2,10,0,0,0,0,8049,25-34,F,Mogosoaia,Ilfov,R,4123
10,10,10,0,0,0,10,0,0,10,La PNL exista multa ipocrizie.,2,10,0,10,10,0,0,12648,65+,F,Ramnicu Valcea,Valcea,U,4171
3,4,0,5,1,3,3,4,3,2,999,3,0,2,3,2,3,0,3422,45-54,M,Sectorul 4,Bucuresti,U,4206
3,4,3,4,4,5,5,5,5,5,999,3,999,999,999,999,999,999,3423,25-34,F,Sectorul 5,Bucuresti,U,4403
2,2,2,2,2,0,0,0,0,0,Poate numarul de membri,4,0,1,0,0,0,0,3995,45-54,F,Oltenita,Calarasi,U,4540
10,10,10,0,3,0,10,0,10,10,999,3,10,0,0,3,0,0,3424,45-54,M,Sectorul 6,Bucuresti,U,4745
0,0,7,3,10,2,3,0,6,2,999,2,0,0,0,2,2,0,3422,18 -24,M,Sectorul 4,Bucuresti,U,4969
4,999,8,999,999,10,999,10,999,10,999,1,0,0,0,0,10,0,9506,25-34,F,Targu Neamt,Neamt,U,5003
3,4,5,1,2,3,9,2,4,7,PSD este mai apropiat de oamenii saraci.,2,10,7,2,1,0,0,3420,45-54,M,Sectorul 2,Bucuresti,U,5015
5,7,3,3,0,7,7,7,7,3,mimeaza fiecare o alta latura pe esicherul politic,2,0,10,10,0,0,1,3423,45-54,M,Sectorul 5,Bucuresti,U,5025
4,2,4,3,4,3,3,2,4,4,999,3,999,999,999,999,999,999,3424,25-34,F,Sectorul 6,Bucuresti,U,5048
5,10,3,5,0,5,10,5,5,5,"PNL mai face ceva si pentru popor, dar nu multe. PSD lucreaza numai pentru a si scapa penalii de puscarie, nimic coerent pentru dezvoltarea mediului privat.",2,1,5,9,1,2,1,3419,45-54,M,Sectorul 1,Bucuresti,U,5049
5,999,999,999,999,999,999,999,999,999,"PSD este obisnuit sa conduca; PNL, vrea sa poata conduce tara !",3,0,5,6,5,10,0,3420,55-64,F,Sectorul 2,Bucuresti,U,5083
10,999,999,999,999,999,999,999,999,999,999,3,0,0,0,10,0,0,8056,35-44,F,Pantelimon,Ilfov,U,5108
10,999,999,999,999,999,999,999,999,999,999,4,0,0,0,0,0,0,8055,45-54,M,Otopeni,Ilfov,U,5209
10,10,0,0,0,10,10,10,10,0,999,3,0,2,10,0,0,0,3423,45-54,F,Sectorul 5,Bucuresti,U,5233
10,8,10,8,10,7,6,7,6,7,"oamenii din partide fac ca PSD-ul sa fie un partid al intereselor si nu al cetatenilor, pe cand PNL-ul are oameni de valoare",2,1,10,2,2,9,1,3421,18 -24,F,Sectorul 3,Bucuresti,U,5281
0,6,7,7,6,2,10,2,2,10,sunt la fel! doar ca unul are puterea si celalt o doreste!,3,6,6,2,4,2,2,3421,55-64,M,Sectorul 3,Bucuresti,U,5365
0,10,999,10,0,10,10,10,1,10,Nici o diferenta,2,0,0,6,0,6,0,3420,55-64,M,Sectorul 2,Bucuresti,U,5386
9,10,10,5,0,5,10,1,9,10,Doctrina politică și modul de abordare,2,0,5,10,0,9,0,3420,55-64,F,Sectorul 2,Bucuresti,U,5394
1,1,10,1,0,5,1,5,1,5,"Diferenta este  foarte mica , PSD promite mult ,dar face putin si PNL  doar critica si nu face  nimic . Concluzia este ca nu le pasa de cei care  au votat  , ci doar de ei  .",3,0,0,0,0,2,0,3420,55-64,F,Sectorul 2,Bucuresti,U,5421
10,10,10,0,4,8,10,2,7,10,"aprecierea mea pentru psd consta in faptul ca se mai gandeste si la popor la nevoile oamenilor spre deosebire de pnl care doresc mentinerea saraciei, ba chiar pauperizarea in continuare a poporului",2,8,0,0,10,0,0,3419,65+,M,Sectorul 1,Bucuresti,U,5546
7,5,5,5,4,2,10,5,0,2,999,3,0,10,3,5,0,0,3420,45-54,F,Sectorul 2,Bucuresti,U,5557
5,6,5,5,5,4,6,6,5,5,Aceiasi hoti care nu au treaba cu politica ci cu banii,4,0,0,0,0,0,0,8089,45-54,M,Voluntari,Ilfov,U,5635
0,0,0,1,0,0,0,0,0,0,999,4,0,0,5,0,5,4,3422,18 -24,F,Sectorul 4,Bucuresti,U,5651
3,9,9,8,1,6,8,6,7,8,PSD urmas al pcr dpdv al metodelor; PNL debusolat,2,1,3,7,1,7,1,3419,55-64,F,Sectorul 1,Bucuresti,U,5669
7,7,7,7,10,7,2,7,7,7,PSD tine cu poporul,2,7,6,9,5,5,0,3420,25-34,M,Sectorul 2,Bucuresti,U,5679
10,10,10,10,0,10,10,10,10,10,999,3,10,0,0,10,0,0,3420,55-64,M,Sectorul 2,Bucuresti,U,5713
0,10,999,10,0,999,10,10,999,999,999,3,0,0,10,0,0,0,3421,18 -24,F,Sectorul 3,Bucuresti,U,5759
10,999,9,10,0,0,10,0,10,10,"PSD= PLEAVA SOCIETATII DESTRAMATE
PMP =Pentru O Miscare PRO",1,0,10,10,0,10,0,3422,35-44,M,Sectorul 4,Bucuresti,U,5828
5,5,8,8,5,7,7,2,4,7,999,2,0,0,8,0,5,2,3419,25-34,F,Sectorul 1,Bucuresti,U,5868
0,0,0,0,0,0,0,0,0,0,Aceeasi mizerie,2,0,0,0,0,0,0,8063,25-34,F,Popesti Leordeni,Ilfov,U,5898
10,7,7,8,7,7,7,7,7,7,999,2,0,5,2,3,2,0,3423,35-44,F,Sectorul 5,Bucuresti,U,6086
10,10,10,0,0,1,10,3,10,10,se ocupa de bunastarea romanilor. pnl-urmaresc interesele u.e.,1,10,0,0,10,0,0,3424,35-44,F,Sectorul 6,Bucuresti,U,6193
4,5,5,8,5,5,8,8,4,5,999,2,0,10,9,5,9,0,3420,25-34,F,Sectorul 2,Bucuresti,U,6363
0,1,7,1,1,6,0,6,0,7,999,2,0,0,0,0,10,0,3420,25-34,M,Sectorul 2,Bucuresti,U,6643
8,7,8,3,1,3,7,3,7,7,999,3,0,5,4,0,4,1,3420,25-34,F,Sectorul 2,Bucuresti,U,6683
10,0,10,0,999,0,999,0,0,0,In PNL sunt mai multi PENALI/IMPOSTORI/ANALFABETI/PUSCARIASI/PUSCARIABILI fata de PSD. Aceasta este singura diferenta.,3,1,0,0,0,0,0,3420,35-44,F,Sectorul 2,Bucuresti,U,6704
10,10,9,3,0,3,9,3,0,10,Grija fata de semenii nostri in comparatie cu PNL,1,10,0,0,10,0,0,3419,55-64,M,Sectorul 1,Bucuresti,U,6799
7,9,4,9,4,6,10,5,6,7,conceptii diferite,3,0,0,10,0,0,0,3421,45-54,F,Sectorul 3,Bucuresti,U,6800
5,9,9,2,2,5,10,5,5,10,Hotia,2,0,10,5,0,0,5,3420,45-54,M,Sectorul 2,Bucuresti,U,6825
0,0,0,0,0,0,0,0,0,0,Niciuna,2,0,0,0,0,0,0,3421,35-44,M,Sectorul 3,Bucuresti,U,7006
10,999,999,999,999,999,999,999,999,999,999,3,10,10,0,0,0,0,,35-44,F,Sectorul 4,Bucuresti,U,7075
10,10,10,10,10,10,10,10,10,10,999,2,0,0,4,4,0,0,3421,35-44,F,Sectorul 3,Bucuresti,U,7076
10,10,10,5,3,6,10,5,6,10,#NUME?,3,10,1,0,8,0,2,1851,55-64,M,Moinesti,Bacau,U,7124
7,10,10,0,5,2,10,2,8,7,999,2,9,7,0,8,0,0,3421,35-44,F,Sectorul 3,Bucuresti,U,7242
0,6,0,0,8,0,10,0,0,0,999,4,0,0,10,0,0,0,3423,25-34,F,Sectorul 5,Bucuresti,U,7368
2,10,0,7,0,1,10,10,1,1,Pds au mai multi baroni locali si un trecut peste care multi nu pot trece,3,0,5,5,0,0,0,3424,25-34,F,Sectorul 6,Bucuresti,U,7414
10,8,10,10,0,0,10,0,10,10,999,2,10,0,0,10,10,0,8022,45-54,M,Dobroesti,Ilfov,R,7559
10,1,1,10,1,10,1,1,10,1,"de doctrina in priml rand, unul e de stanga, iar unul e de dreapta.",1,0,10,0,0,0,0,3130,35-44,M,Braila,Braila,U,7777
9,1,3,1,9,8,10,8,1,8,Politicile economice si sociale.,3,0,9,9,0,0,0,3424,45-54,F,Sectorul 6,Bucuresti,U,7962
4,4,1,4,2,999,999,999,999,999,Nu am nicio parere,3,9,6,5,3,3,10,3423,45-54,F,Sectorul 5,Bucuresti,U,7973
10,5,9,7,4,5,6,7,8,4,"Sunt partide dreapta,respectiv stanga.",3,6,8,4,6,0,0,8089,18 -24,F,Voluntari,Ilfov,U,7978
1,3,3,3,3,3,3,3,3,3,doar denumirea,2,999,999,999,999,999,999,1379,55-64,F,Pitesti,Arges,U,7984
10,1,1,8,10,9,9,7,6,9,de doctrina,4,10,3,1,8,1,0,8454,35-44,F,Drobeta-Turnu Severin,Mehedinti,U,8086
10,10,10,10,0,8,10,2,7,9,de doctrina,4,10,1,2,9,0,0,8454,35-44,M,Drobeta-Turnu Severin,Mehedinti,U,8087
999,5,1,4,0,5,5,4,2,3,999,2,0,5,7,0,5,1,3424,18 -24,F,Sectorul 6,Bucuresti,U,8094
0,1,3,2,1,2,3,2,2,4,999,3,10,7,1,3,1,3,3419,35-44,F,Sectorul 1,Bucuresti,U,8095
7,10,2,4,1,6,10,5,9,7,PSD sunt mai bătrâni și ceva mai manipulatori.,2,5,6,5,0,1,0,7753,18 -24,M,Iasi,Iasi,U,8104
0,1,1,1,1,1,3,1,1,2,oameni la fel de corupti,2,8,5,3,4,5,0,3422,35-44,M,Sectorul 4,Bucuresti,U,8122
7,6,0,5,8,0,5,3,3,4,Minciuna,2,7,6,7,3,2,4,3422,25-34,F,Sectorul 4,Bucuresti,U,8165
4,7,9,7,6,5,5,5,5,4,obiectivele,3,10,6,5,3,3,1,12043,25-34,F,Timisoara,Timis,U,8167
10,10,10,0,0,1,10,0,10,10,"PSD este orientat spre rezolvarea problemelor sociale, dezvoltarea societatii pe principii democratice, pe cand PNL este pentru imbogatirea mafiotilor si proliferarea nedreptatilor in societate.",2,10,0,0,6,0,0,4086,55-64,M,Bocsa,Caras-Severin,U,8174
6,7,7,7,7,9,8,8,9,9,999,1,0,0,0,0,10,0,7822,55-64,M,Pascani,Iasi,U,8192
10,2,2,2,3,1,3,4,3,4,Psd nu se tin de promisiuni,2,0,10,7,9,6,7,3422,55-64,F,Sectorul 4,Bucuresti,U,8211
5,5,4,4,4,6,6,4,4,5,999,2,0,0,0,1,0,0,3421,25-34,F,Sectorul 3,Bucuresti,U,8215
3,3,4,0,0,2,4,3,3,4,PSD promite mult PNL prefera sa comenteze de pe margine.in loc să facă ceva concret,2,5,7,7,3,3,0,4842,35-44,M,Constanta,Constanta,U,8242
5,8,10,4,2,10,7,3,10,5,999,2,0,0,0,6,10,0,7150,18 -24,M,Hunedoara,Hunedoara,U,8244
4,3,3,3,2,2,3,2,3,2,999,2,3,4,4,4,4,3,11416,25-34,F,Salageni,Suceava,R,8245
0,9,999,999,10,999,10,999,10,999,Ideologie si promovare,4,999,999,999,10,999,999,10310,18 -24,F,Strejnicu,Prahova,R,8319
4,2,3,2,3,4,3,3,4,4,999,3,5,5,5,5,5,0,4547,35-44,F,Gherla,Cluj,U,8365
4,4,1,1,4,1,4,1,1,1,999,3,5,1,2,4,1,2,3424,45-54,F,Sectorul 6,Bucuresti,U,8455
5,5,5,5,5,5,5,5,999,999,Toți sunt la fel ..promisiuni multe fapte puține,4,0,0,0,0,0,0,4804,25-34,F,23-Aug,Constanta,R,8468
4,6,6,7,6,5,5,6,6,6,PNL pare putin mai orientat spre oameni,3,999,999,999,999,999,999,3423,25-34,F,Sectorul 5,Bucuresti,U,8476
8,6,6,10,0,8,6,6,6,6,Fiecare cu interesele lor,3,3,10,0,0,4,0,7,35-44,F,Alba Iulia,Alba,U,8478
6,7,8,4,2,7,8,7,7,7,ideologia politica,1,1,5,6,1,3,2,3424,18 -24,M,Sectorul 6,Bucuresti,U,8502
10,8,10,6,0,6,7,5,7,3,999,3,10,0,0,10,0,0,4910,25-34,F,Medgidia,Constanta,U,8516
999,999,999,999,999,999,999,999,999,999,999,4,999,999,999,999,999,999,11396,25-34,F,Radauti,Suceava,U,8523
6,5,8,5,5,5,5,5,5,5,999,3,0,5,8,3,6,0,3421,25-34,M,Sectorul 3,Bucuresti,U,8540
10,8,8,7,7,8,8,7,4,7,Au opinii și viziuni diferite.,3,10,10,0,0,0,0,13253,35-44,F,Vaslui,Vaslui,U,8558
1,1,0,0,0,0,1,1,0,2,999,3,1,9,1,2,2,1,13381,35-44,F,Focsani,Vrancea,U,8559
7,999,999,7,999,999,7,999,999,999,Seriozitate si inplinirea promisiunilor,3,10,7,999,999,999,7,3487,35-44,F,Buzau,Buzau,U,8565
10,6,7,8,7,5,8,6,4,7,999,3,4,6,5,3,3,4,5460,25-34,F,Targoviste,Dambovita,U,8608
7,7,8,7,8,7,6,7,7,5,999,4,4,6,3,3,3,4,5460,45-54,F,Targoviste,Dambovita,U,8616
5,5,5,4,4,4,4,5,7,7,999,3,0,3,0,2,2,0,7753,25-34,F,Iasi,Iasi,U,8674
3,10,1,7,0,4,10,9,5,2,"Lipsa de organizare în PNL. Ideologia diferita ale celor doua partide. În rest, mă conving pe zi ce trece ca sunt l fel de hoți și mincinoși și unii și alții.",1,0,4,10,0,0,0,3424,25-34,M,Sectorul 6,Bucuresti,U,8697
4,4,5,5,6,4,5,4,5,4,999,1,8,0,0,5,10,0,7753,45-54,M,Iasi,Iasi,U,8713
999,999,999,999,999,999,999,999,999,999,999,4,999,999,999,999,999,999,3130,35-44,F,Braila,Braila,U,8741
5,5,5,5,5,5,5,5,5,5,999,3,2,2,2,2,2,2,,25-34,F,,,,8772
0,0,0,0,0,0,0,0,0,0,Diferenta constata in denumire in rest nu sunt buni de nimic.Nici un partid nu tine cu poporul .,4,999,999,999,999,999,999,1287,55-64,F,Leresti,Arges,R,8787
10,10,2,2,0,10,10,10,10,3,Doctrina si calitate morala.,1,0,10,9,0,0,0,2816,65+,F,Botosani,Botosani,U,8821
10,10,10,10,0,10,10,0,0,10,doctrina,1,0,0,0,10,0,10,11517,45-54,M,Alexandria,Teleorman,U,8843
0,0,0,0,0,0,0,0,0,0,Toți sunt la fel.,3,0,0,0,0,0,0,716,45-54,F,Arad,Arad,U,8860
0,10,0,10,0,0,10,10,0,0,niciuna,2,0,0,10,0,0,0,5959,35-44,M,Galati,Galati,U,8892
999,999,999,999,999,999,999,999,999,999,999,3,999,0,0,10,0,0,8454,25-34,F,Drobeta-Turnu Severin,Mehedinti,U,8906
10,6,10,0,5,10,10,0,10,0,999,4,10,0,0,5,0,0,6942,35-44,F,Abucea,Hunedoara,R,8934
0,5,0,10,5,9,0,5,9,4,Pnl este mai cinstit si mai corect cu oamenii,1,0,10,4,4,2,0,6083,35-44,M,Baneasa,Giurgiu,R,8973
0,4,1,4,0,3,5,4,0,3,Numarul de votanti,2,0,1,9,0,0,0,3422,18 -24,F,Sectorul 4,Bucuresti,U,8977
7,0,2,8,2,8,2,2,8,2,PsD minte mai mult,2,0,10,0,0,0,0,9863,25-34,F,Slatina,Olt,U,8992
999,999,999,999,999,999,999,999,999,999,999,4,999,999,999,999,999,999,3572,25-34,F,Florica,Buzau,R,9020
9,2,4,4,0,2,3,7,7,6,"au doctrine complet diferite în ceea ce privește proprietatea privată,se deosebesc în ascensiunea politică,se deosebesc în juridica însușirii bunului nemuncit",1,0,10,7,1,5,0,2816,55-64,M,Botosani,Botosani,U,9028
10,999,10,5,0,7,5,999,10,5,psd guverneaza acum dupa bunul plac fara competitie si fac numai prostii de cind au majoritatea cu ministri de fatada pe care cel din umbra ii manevreaza cum doreste  nu suntem vazuti bine afara,2,0,10,4,7,4,4,12195,45-54,M,Tulcea,Tulcea,U,9030
999,10,0,0,10,10,10,0,10,10,999,3,10,0,0,0,0,0,10217,35-44,M,Ploiesti,Prahova,U,9042
999,999,999,999,999,999,999,999,999,999,999,3,999,999,999,999,999,999,4842,35-44,F,Constanta,Constanta,U,9052
6,5,7,1,3,7,8,7,4,6,999,3,10,8,0,9,0,0,3767,25-34,F,Ramnicu Sarat,Buzau,U,9076
5,4,5,7,7,5,7,4,6,5,Tot sunt la fel numai că cei de la PSD chiar s autinut de promisiunile din campania electorală,3,8,6,5,6,6,5,3420,25-34,F,Sectorul 2,Bucuresti,U,9083
0,999,999,999,999,999,999,999,999,999,999,2,999,999,999,999,999,999,5621,18 -24,F,Craiova,Dolj,U,9096
0,9,10,4,10,2,10,0,5,0,"nu se tin de cuvant in ceea ce promit in campaniile electorale,ar trebui ca romani ce sunt sa fie de acord cu ceea ce este bun pentru bunastarea tarii si a oamenilor,nu pentru bunastarea partidului",3,10,4,0,0,0,0,2816,55-64,F,Botosani,Botosani,U,9119
10,10,10,10,999,999,10,10,999,999,Psd nu e bun de nimic,4,0,10,0,0,0,0,9992,25-34,F,Breaza de Sus,Prahova,U,9133
10,10,10,2,1,3,10,3,8,10,999,2,10,1,0,10,0,2,716,35-44,M,Arad,Arad,U,9142
5,5,5,3,1,4,5,4,8,5,999,2,0,10,3,0,3,0,7000,35-44,M,Brad,Hunedoara,U,9181
999,999,999,999,999,999,999,999,999,999,999,3,0,0,2,0,2,0,3421,25-34,F,Sectorul 3,Bucuresti,U,9201
0,0,0,0,0,0,4,5,0,0,psd-niste hoti pnl-niste idioti,1,0,0,0,0,0,0,3421,35-44,F,Sectorul 3,Bucuresti,U,9240
3,7,8,5,5,5,7,5,3,4,"PSS este mai înclinat spre chestiuni sociale,  iar PNL este de dreapta, deci se bazeaza mai mult pe dezvoltare economică",2,0,2,10,0,2,0,9124,25-34,F,Targu Mures,Mures,U,9254
10,10,10,8,0,10,10,10,10,10,999,2,0,4,0,0,0,0,12648,35-44,F,Ramnicu Valcea,Valcea,U,9279
8,7,7,2,5,8,9,8,3,8,Doctrina diferita,3,10,0,0,9,1,1,7178,55-64,F,Lupeni,Hunedoara,U,9299
9,5,10,8,0,1,8,5,10,10,Diferente de gandire!,3,0,8,5,0,10,5,12009,45-54,F,Sannicolau Mare,Timis,U,9301
0,0,0,0,0,0,8,0,0,0,999,2,3,3,0,3,0,0,1094,45-54,F,Campulung,Arges,U,9333
0,0,0,0,0,0,0,0,0,0,hoti,3,0,0,0,0,0,0,7544,35-44,M,Slobozia,Ialomita,U,9370
10,10,9,10,5,9,10,9,10,10,Hoția,2,5,0,0,0,0,0,5460,18 -24,F,Targoviste,Dambovita,U,9380
10,999,10,7,7,7,10,7,10,10,999,2,5,8,10,0,0,0,8041,25-34,F,Magurele,Ilfov,U,9408
10,4,4,4,4,5,5,5,5,5,Nu stiu,3,0,10,10,0,0,0,3362,25-34,F,Rasnov,Brasov,U,9415
3,999,999,999,999,999,999,999,999,999,Majore,2,999,999,999,999,999,999,4842,45-54,M,Constanta,Constanta,U,9441
999,999,999,999,999,999,999,999,999,999,999,3,0,0,0,0,0,0,4842,25-34,F,Constanta,Constanta,U,9459
999,999,999,999,999,999,999,999,999,999,999,3,999,999,999,999,999,999,5959,25-34,F,Galati,Galati,U,9462
10,999,999,999,999,999,999,999,999,999,999,4,999,999,999,999,999,10,4842,35-44,F,Constanta,Constanta,U,9465
8,10,7,2,0,7,10,3,10,7,ideologia,1,0,10,10,0,0,0,8100,25-34,F,Baia Mare,Maramures,U,9490
999,999,999,999,999,999,999,999,999,999,999,4,999,999,999,999,999,999,1580,25-34,F,Bacau,Bacau,U,9551
999,999,999,999,999,999,999,999,999,999,999,4,999,999,999,999,999,999,4537,25-34,F,Floresti,Cluj,R,9560
999,999,999,999,999,999,999,999,999,999,999,3,999,999,999,999,999,999,11073,25-34,F,Sibiu,Sibiu,U,9565
0,999,999,999,999,999,999,999,999,999,999,3,999,999,999,999,999,999,7753,25-34,F,Iasi,Iasi,U,9600
0,0,7,0,0,4,0,4,0,4,nu sunt diferente,1,0,3,0,5,10,0,12043,25-34,F,Timisoara,Timis,U,9609
5,8,4,0,3,2,3,2,5,7,999,2,0,5,1,8,0,1,10874,65+,M,Satu Mare,Satu Mare,U,9613
3,6,2,5,1,3,2,5,6,3,999,2,10,7,0,1,3,0,4842,45-54,F,Constanta,Constanta,U,9615
7,10,9,1,5,6,10,7,7,7,999,2,7,0,0,10,0,0,3420,65+,M,Sectorul 2,Bucuresti,U,9642
999,999,999,999,999,999,999,999,999,999,999,3,999,999,999,999,999,999,7632,25-34,M,Chiscareni,Iasi,R,9660
5,5,5,5,5,5,7,5,5,5,999,3,5,1,0,1,1,0,7999,35-44,F,Buftea,Ilfov,U,9663
8,8,4,2,0,5,9,5,8,4,999,3,0,10,10,0,1,3,4473,25-34,F,Cluj-Napoca,Cluj,U,9677
6,10,10,5,5,5,5,5,5,5,999,4,10,7,5,6,7,5,3422,18 -24,M,Sectorul 4,Bucuresti,U,9702
999,999,999,999,999,999,999,999,999,999,999,4,999,999,999,999,999,999,3266,35-44,F,Brasov,Brasov,U,9736
8,10,10,0,0,3,10,0,5,9,UNUL ESTE DE STAG SI ALTUL DE DRP,2,10,6,0,10,0,0,3422,25-34,F,Sectorul 4,Bucuresti,U,9753
3,10,6,10,0,10,10,6,4,4,"Doctrina ,apropierea de oameni .grija fata de oameni",2,10,7,0,4,2,0,5460,45-54,M,Targoviste,Dambovita,U,9822
10,999,999,999,999,999,999,999,999,999,999,4,999,999,999,999,999,999,8092,35-44,F,Arduzel,Maramures,U,9832
0,0,0,0,0,0,0,0,0,0,Nici una. toti o apa si un pamant,1,4,1,1,3,1,1,11460,25-34,F,Suceava,Suceava,U,9847
2,1,10,2,1,9,2,7,4,3,999,3,10,0,9,10,0,0,3464,45-54,M,Berca,Buzau,R,9857
5,0,0,7,0,3,8,8,0,0,oamenii,2,0,4,10,1,0,1,3421,35-44,F,Sectorul 3,Bucuresti,U,9863
999,999,999,999,999,999,999,999,999,999,999,3,999,999,999,999,999,999,3266,25-34,F,Brasov,Brasov,U,9885
9,10,4,4,0,8,10,10,0,3,Corupția,2,0,3,10,0,0,0,13253,18 -24,F,Vaslui,Vaslui,U,9892
0,3,4,5,0,5,7,6,3,3,999,2,0,3,10,0,3,0,10007,25-34,M,Campina,Prahova,U,9909
2,3,0,0,1,3,2,2,0,0,999,3,0,5,0,0,0,0,3420,25-34,F,Sectorul 2,Bucuresti,U,9933
6,999,999,999,999,999,999,999,999,999,999,2,10,10,10,1,1,0,5466,25-34,F,Titu,Dambovita,U,10047
3,999,999,999,8,999,999,999,999,999,diferente in ceea ce priveste puterea celor ce conduc partidele,3,0,3,0,9,0,0,1716,25-34,F,Darmanesti,Bacau,U,10055
5,5,5,5,5,5,5,5,5,5,Seriozitatea,3,0,10,0,0,4,0,4922,35-44,M,Navodari,Constanta,U,10066
0,4,10,5,3,5,5,5,5,5,Nu sunt diferente,3,10,5,4,5,0,0,8783,35-44,F,Chirileu,Mures,R,10123
5,7,8,7,3,999,7,7,5,7,"Pai nu prea sunt,practic vorbind",2,5,5,5,5,0,0,3266,25-34,F,Brasov,Brasov,U,10130
5,7,8,7,7,7,7,7,8,7,999,3,0,4,0,0,0,0,4909,25-34,F,Mangalia,Constanta,U,10142
0,1,2,1,1,2,1,2,2,2,999,3,7,8,10,10,10,999,2267,35-44,M,Haieu,Bihor,R,10143
7,3,5,5,3,2,3,5,2,5,999,2,0,10,0,0,0,0,12043,35-44,M,Timisoara,Timis,U,10168
0,5,5,5,5,5,5,5,5,5,999,3,0,0,4,0,0,0,10217,55-64,F,Ploiesti,Prahova,U,10195
0,0,0,0,0,0,0,0,0,0,Nici una,2,0,1,0,0,0,0,7999,35-44,M,Buftea,Ilfov,U,10219
5,5,5,5,5,9,7,6,7,6,PSD e ...mai aplecat catre societate.PNL...mai distant.,3,7,0,0,5,0,0,3130,35-44,F,Braila,Braila,U,10231
2,5,2,5,2,2,8,2,6,1,"PSD=bugetari,pensionari      PNL=patroni,burgej",3,0,3,9,1,4,0,8954,35-44,F,Lunca Bradului,Mures,R,10242
7,8,5,3,2,5,8,5,7,5,Politica de guvernare.,3,2,7,10,2,2,2,3423,18 -24,F,Sectorul 5,Bucuresti,U,10298
5,7,8,4,3,3,5,6,2,5,Binele poporului,3,8,10,0,0,0,0,4951,18 -24,F,Poarta Alba,Constanta,R,10307
7,999,999,999,999,999,999,999,999,999,999,4,999,999,999,999,999,999,4473,35-44,M,Cluj-Napoca,Cluj,U,10381
7,999,999,999,999,999,999,999,999,999,toi sunt la fel,3,0,6,0,0,5,0,13112,25-34,F,Pogonesti,Vaslui,R,10389
6,6,2,3,6,1,2,1,6,3,"unul e se stanga ...altul e de dreapta...la PNL sunt ,,zgomotosi,,",3,5,0,0,3,0,0,9863,45-54,F,Slatina,Olt,U,10417
999,999,999,999,999,999,999,999,999,999,habar nu am,4,0,5,0,0,0,0,7753,35-44,M,Iasi,Iasi,U,10419
1,1,1,1,1,1,1,1,1,1,999,2,1,1,1,1,1,1,1580,25-34,F,Bacau,Bacau,U,10424
4,6,4,5,3,4,5,5,5,5,unul e de stanga celălalt de dreapta,3,1,2,3,3,2,0,3266,25-34,F,Brasov,Brasov,U,10430
10,10,10,10,0,10,10,10,0,10,999,3,0,6,1,0,5,10,8032,35-44,F,Ghermanesti,Ilfov,R,10462
3,5,6,7,3,999,999,999,5,999,999,2,0,3,5,0,0,0,9863,45-54,F,Slatina,Olt,U,10471
10,10,10,10,0,5,10,5,10,10,999,4,0,2,10,0,10,0,3421,65+,M,Sectorul 3,Bucuresti,U,10481
10,10,4,2,1,7,10,8,10,5,Lupta anti-coruptie,2,0,10,10,0,0,0,7753,18 -24,M,Iasi,Iasi,U,10485
0,0,0,0,0,0,0,0,0,0,999,4,0,0,0,0,0,0,2816,25-34,F,Botosani,Botosani,U,10494
5,4,2,5,5,5,5,5,4,4,999,4,2,4,7,3,7,8,7090,25-34,F,Deva,Hunedoara,U,10513
10,7,10,9,10,8,9,8,10,10,"Gândirea,eficienta,respectarea promisiunilor",2,10,0,7,8,0,0,3920,25-34,F,Calarasi,Calarasi,U,10535
2,9,9,7,0,7,9,1,6,9,"Aprope nici una, în PSD nivelul de corupție este mai mare și se pricep mai bine să manipuleze masele.",2,0,3,7,0,8,0,4453,25-34,M,Ceaba,Cluj,R,10544
6,6,8,6,0,8,10,1,8,6,Ipocrizia îi diferențiază. PSD este un partid cu oameni politici mai ipocriți decât cei din PNL.,2,0,4,10,2,6,4,7753,18 -24,F,Iasi,Iasi,U,10575
999,999,999,999,999,999,999,999,999,999,999,4,0,0,0,0,0,0,7753,25-34,M,Iasi,Iasi,U,10581
999,999,999,999,999,999,999,999,999,999,999,4,999,999,999,999,999,999,10217,25-34,F,Ploiesti,Prahova,U,10582
10,10,10,1,1,6,10,9,10,10,999,3,1,2,0,0,9,0,1379,55-64,M,Pitesti,Arges,U,10610
5,5,4,4,4,6,4,5,3,3,Toate sunt la fel,3,1,2,4,2,5,0,4842,35-44,F,Constanta,Constanta,U,10626
10,10,10,10,10,10,10,10,10,10,Totul este diferit,3,4,5,0,0,999,0,11240,25-34,F,Falticeni,Suceava,U,10632
4,999,999,999,999,999,999,999,999,999,Nu mă interesează,4,999,999,999,999,999,999,1691,35-44,F,Comanesti,Bacau,U,10650
4,3,2,2,1,3,6,2,8,5,999,3,0,10,8,7,7,5,7544,35-44,M,Slobozia,Ialomita,U,10659
10,10,10,6,6,6,10,6,10,10,Doctrinele,3,10,999,0,10,0,0,7987,45-54,F,1 Decembrie,Ilfov,R,10670
1,0,0,0,5,0,7,0,0,0,Unii fura mai mult iar altii mai putin,3,5,5,5,5,5,0,11134,45-54,M,Boroaia,Suceava,R,10693
4,5,5,5,5,0,0,0,0,0,999,3,0,0,0,0,10,0,3422,55-64,F,Sectorul 4,Bucuresti,U,10771
5,5,4,5,5,5,5,4,4,3,La acest moment cele două partide sunt reprezentate de oameni care nu le fac cinste. Din păcate nu se mai respectă doctrina politică deloc în România și din această cauză pot spune că nu sunt diferite,3,1,3,0,2,0,0,10217,25-34,F,Ploiesti,Prahova,U,10786
6,3,3,8,3,4,10,8,4,4,"Incearca sa aiba viziuni diferite, dar ii uneste interesul personal.",3,1,2,5,1,2,1,10217,35-44,F,Ploiesti,Prahova,U,10821
10,6,4,6,5,6,8,999,999,4,"Diferenrtele de opinie politica , de strategia utilizata,",3,6,7,3,3,4,2,4925,35-44,F,Negru Voda,Constanta,U,10838
10,10,10,10,6,999,10,999,10,10,999,3,5,3,0,6,0,0,11439,35-44,M,Siret,Suceava,U,10852
5,10,10,0,5,5,10,5,10,10,"PNL a devenit un partid format din opertunidti si demagogi, condus de lideri nereprezentativi pentru miscarea liberala. PSD are totusi un program, bun sau rau, iar PNLnu vine cu nimic.",1,5,0,0,10,0,0,10217,55-64,M,Ploiesti,Prahova,U,10858
8,8,5,9,0,6,10,7,10,6,In PNL sunt oameni cu coloana vertebrală,1,0,10,5,0,1,0,3266,18 -24,M,Brasov,Brasov,U,10859
10,10,10,0,5,10,10,10,10,10,conceptii diferite,2,10,0,0,10,0,5,11928,25-34,F,Lugoj,Timis,U,10874
1,10,1,8,1,1,10,9,1,1,999,2,0,1,10,0,0,0,7753,25-34,F,Iasi,Iasi,U,10882
7,4,4,6,3,6,3,4,6,4,999,3,3,8,4,3,2,0,3683,35-44,F,Murgesti,Buzau,R,10926
999,999,999,999,999,999,999,999,999,999,999,3,0,1,1,999,999,999,3421,25-34,F,Sectorul 3,Bucuresti,U,10983
5,999,999,999,999,999,999,999,999,999,Fiecare are propriul interes pe care eu unul nu il inteleg!,3,2,2,0,0,1,0,1580,45-54,M,Bacau,Bacau,U,10993
999,999,999,999,999,999,999,999,999,999,999,3,999,999,999,999,999,999,11460,25-34,F,Suceava,Suceava,U,11013
10,5,10,3,0,1,6,3,6,0,PSD .....e un partid m ai inchegat.  PNL.....S A CAM DEZBINAT.,4,999,0,0,0,0,0,8100,65+,F,Baia Mare,Maramures,U,11022
6,0,10,10,0,10,10,10,10,10,"PNL este fostul PDL, cei care au furat tara si au dus- oin praspastie.
PSD , dau si la oamenii",4,10,0,0,9,0,0,8454,35-44,F,Drobeta-Turnu Severin,Mehedinti,U,11029
3,10,1,10,3,3,10,10,3,3,"Primul este de stanga,celalalt tinde spre dreapta",3,0,1,10,1,0,0,4473,25-34,F,Cluj-Napoca,Cluj,U,11030
10,8,10,7,7,8,8,8,5,8,999,2,10,0,3,7,0,0,4594,45-54,M,Luncani,Cluj,R,11066
0,0,0,0,0,0,0,0,0,0,Toate partidele  sunt la fel .....doar pe interes,3,999,999,999,999,999,999,1580,35-44,F,Bacau,Bacau,U,11078
10,10,10,10,10,0,0,6,6,0,diferit in gindire si actiune,2,10,0,8,4,8,0,2891,45-54,M,Dorohoi,Botosani,U,11081
5,8,5,10,3,999,10,3,999,999,999,4,0,0,10,0,0,0,3423,18 -24,F,Sectorul 5,Bucuresti,U,11127
0,0,0,0,0,0,0,0,0,0,999,2,1,1,1,1,1,1,8056,45-54,F,Pantelimon,Ilfov,U,11132
2,5,4,6,1,4,7,3,4,3,999,2,0,6,9,4,6,3,7753,18 -24,F,Iasi,Iasi,U,11140
10,5,4,10,4,5,3,4,2,4,"Oameii care conduc sunt diferiți , interesele ar trebui sa fie acelasi",1,10,0,0,0,0,0,7753,25-34,M,Iasi,Iasi,U,11143
4,10,8,7,0,4,2,0,4,7,PSD are interes de grup si personal.,2,0,8,8,0,0,2,2485,45-54,M,Tileagd,Bihor,R,11155
2,10,2,8,1,1,10,10,4,3,"PNL încearcă să-și ascundă neregulile și încearcă în proporție mică să le rezolve, măcar de ochii lumii. În timp ce PSD își etalează neregulile ba chiar se mândrește cu acestea și cu incompetența lor",2,0,5,10,3,3,3,4538,18 -24,M,Fodora,Cluj,R,11220
4,3,5,5,3,7,5,4,4,7,Corectitudine si siguranta,2,5,3,2,8,5,3,7753,35-44,F,Iasi,Iasi,U,11256
4,8,4,2,0,7,8,5,8,5,Programele si valorile după care se ghidează,3,1,10,7,0,0,1,4510,35-44,F,Dej,Cluj,U,11283
999,999,999,999,999,999,999,999,999,999,999,4,4,4,2,3,2,2,2816,35-44,F,Botosani,Botosani,U,11372
1,6,9,4,0,7,10,1,3,8,999,2,1,4,10,2,8,0,3487,25-34,M,Buzau,Buzau,U,11385
0,2,3,2,2,1,5,3,3,5,Nu se prea gasesc diferente,3,5,3,4,6,4,6,12043,25-34,M,Timisoara,Timis,U,11442
0,0,0,0,0,0,0,0,0,0,o apa si un pamant... toti manca rahat... doar porci corupti in toate partidele... trebuiau pusi la perete impreuna cu Ceasca in '89...,4,0,0,0,0,0,0,716,25-34,M,Arad,Arad,U,11448
7,5,7,5,7,5,5,5,6,7,"Susțin platforme progrAm diferite, au membri din categorii di ferite dec populație, ca pondere,  pregătire si sunt cu orientări putin  diferite: stânga si dreapta, dar nu in totalitate..",2,10,6,5,5,5,2,7753,45-54,F,Iasi,Iasi,U,11471
10,6,6,5,0,4,5,6,6,7,999,2,10,0,5,7,0,5,3423,55-64,M,Sectorul 5,Bucuresti,U,11487
5,4,6,6,4,4,1,6,4,4,"toti politicienii sunt la fel, adica HOTI!",2,1,1,1,1,1,0,6627,45-54,F,Ticleni,Gorj,U,11500
10,10,9,8,2,10,10,9,10,10,999,1,10,7,9,1,3,1,6627,45-54,F,Ticleni,Gorj,U,11508
6,2,3,6,5,2,6,7,1,5,Realismul,3,9,8,3,2,4,2,7753,25-34,F,Iasi,Iasi,U,11515
3,2,2,2,2,2,2,2,2,2,nu sunt,3,999,999,999,999,999,999,9650,45-54,M,Corabia,Olt,U,11526
10,5,5,5,5,5,5,5,5,5,999,4,0,9,0,0,0,0,3424,35-44,M,Sectorul 6,Bucuresti,U,11537
5,5,5,5,5,5,5,5,5,5,999,3,4,3,7,4,3,2,3422,25-34,F,Sectorul 4,Bucuresti,U,11557
6,7,6,5,4,7,7,6,8,7,999,3,7,8,5,8,1,3,5959,25-34,F,Galati,Galati,U,11561
1,4,3,2,0,3,4,5,1,2,999,3,999,999,999,999,999,999,6176,45-54,F,Naipu,Giurgiu,R,11591
1,1,1,1,1,0,0,0,0,0,999,3,0,0,1,0,1,0,3422,35-44,F,Sectorul 4,Bucuresti,U,11600
6,3,6,4,1,3,3,3,3,4,999,3,3,3,4,4,4,5,9617,25-34,F,Caracal,Olt,U,11602
2,7,2,7,2,2,7,7,2,2,999,3,0,0,7,0,0,0,3422,25-34,F,Sectorul 4,Bucuresti,U,11607
999,999,999,999,0,999,999,999,999,999,999,3,999,999,999,999,999,999,12043,18 -24,F,Timisoara,Timis,U,11610
5,5,5,5,5,5,5,5,5,5,denumirea si atat,2,999,0,0,0,0,0,3130,55-64,F,Braila,Braila,U,11615
0,10,999,10,0,999,10,999,0,999,999,2,0,0,10,0,0,999,3424,25-34,F,Sectorul 6,Bucuresti,U,11616
3,3,4,7,1,7,10,8,5,4,999,2,0,5,8,0,2,0,3420,25-34,M,Sectorul 2,Bucuresti,U,11642
1,10,0,10,0,0,10,10,0,0,999,2,0,0,10,0,0,0,3420,25-34,M,Sectorul 2,Bucuresti,U,11650
7,10,6,7,2,5,10,10,7,6,Numarul de condamnati penal din partid :),3,0,10,10,0,2,0,3421,25-34,F,Sectorul 3,Bucuresti,U,11664
7,0,10,4,3,2,8,3,3,5,nivelul de hotie,3,1,10,9,9,10,0,6083,25-34,M,Baneasa,Giurgiu,R,11675
4,3,3,4,4,3,4,3,3,3,999,3,2,6,5,4,3,2,5831,25-34,F,Segarcea,Dolj,U,11692
4,9,8,4,0,5,0,5,0,5,"hoti , psd fura mult mai mult",1,0,10,10,0,0,0,4473,25-34,M,Cluj-Napoca,Cluj,U,11695
1,1,2,5,2,1,1,1,1,1,999,3,1,1,5,1,2,1,3266,18 -24,F,Brasov,Brasov,U,11699
6,3,7,3,5,5,2,3,3,4,999,3,6,8,6,6,2,0,2840,25-34,F,Catamaresti-Deal,Botosani,R,11735
10,5,5,5,4,5,5,5,5,5,999,2,0,10,0,0,0,0,8055,25-34,F,Otopeni,Ilfov,U,11737
6,999,999,999,2,999,999,999,7,999,999,3,1,7,4,2,3,2,9419,18 -24,F,Piatra Neamt,Neamt,U,11744
0,10,0,10,0,0,10,10,0,0,nu exista diferente,1,0,0,9,0,0,0,12043,25-34,F,Timisoara,Timis,U,11772
10,10,10,10,10,10,10,10,10,10,buna,2,10,1,1,1,1,1,1379,35-44,F,Pitesti,Arges,U,11777
1,1,1,2,2,2,2,1,2,999,999,3,1,1,999,1,999,999,8000,25-34,F,Burias,Ilfov,R,11785
3,6,2,2,0,6,8,7,6,2,999,2,2,10,10,2,4,1,6334,25-34,M,Campofeni,Gorj,R,11880
10,7,7,2,2,3,3,3,3,4,"Psd urmeaza doctrina de stanga,iar pnl de dreapta.",1,0,10,3,4,6,1,8089,55-64,M,Voluntari,Ilfov,U,11892
4,4,2,4,3,2,3,3,2,3,"Psd este  un partid format din oameni cu conceptii de stanga ,fosti comunisti,Pnl sa zicem este un parid cu vederi de centru dreapta  mai apropiati de capiralism.",2,0,1,0,0,0,0,7544,45-54,F,Slobozia,Ialomita,U,11905
7,1,4,3,5,3,2,5,2,3,Psd este un partid de stanga fost comunist iar pnl un partid de centru dreapta apropiat de conceptiile capitaliste.,1,0,0,0,0,0,0,7544,45-54,M,Slobozia,Ialomita,U,11906
8,9,6,3,0,5,8,4,7,6,999,4,0,6,8,0,3,4,8454,18 -24,M,Drobeta-Turnu Severin,Mehedinti,U,11919
3,10,0,7,1,7,10,10,8,1,Difera hotii din frunte,2,0,0,0,0,0,0,11268,65+,F,Gura Humorului,Suceava,U,11929
4,5,6,5,0,3,4,4,6,7,999,3,0,7,6,3,2,2,7753,18 -24,F,Iasi,Iasi,U,11936
5,4,5,10,5,7,8,5,5,4,Plus și minus,3,1,2,1,3,6,3,7753,45-54,F,Iasi,Iasi,U,11939
999,999,999,999,999,999,999,999,999,999,999,3,999,999,999,999,999,999,4910,25-34,F,Medgidia,Constanta,U,11974
9,1,10,2,1,5,10,10,10,10,"PSD este un partid de stanga,cu valente antidemocratice,iar PNL este de dreapta pro patronat exclusiv(din Pacate)...",1,0,7,10,0,1,0,3424,45-54,M,Sectorul 6,Bucuresti,U,11992
0,1,1,1,1,1,1,1,1,1,"nici una, niste hoti",3,0,0,0,0,0,0,13253,25-34,F,Vaslui,Vaslui,U,12084
10,10,10,2,0,7,10,2,10,10,999,3,10,3,0,10,0,0,9863,55-64,F,Slatina,Olt,U,12100
999,999,999,999,999,999,999,999,999,999,999,3,0,2,0,0,0,0,7822,25-34,F,Pascani,Iasi,U,12114
0,0,0,0,0,0,0,0,0,0,Nu este nici o diferență între nici un partid,4,5,999,999,999,999,999,3424,25-34,F,Sectorul 6,Bucuresti,U,12116
6,2,6,4,3,2,3,2,3,3,ambii mint diferit,3,2,4,8,8,5,5,7753,25-34,F,Iasi,Iasi,U,12117
10,1,2,999,4,9,7,8,1,7,"psd doreste drepturi pentru clasa muncitoare, pnl protejeaza niste elite",3,10,2,0,8,0,0,3422,35-44,F,Sectorul 4,Bucuresti,U,12121
4,10,6,7,7,5,5,10,5,5,999,3,0,0,10,3,4,0,3487,35-44,F,Buzau,Buzau,U,12124
9,9,8,8,9,8,9,8,8,9,999,3,10,1,1,1,2,0,3130,25-34,F,Braila,Braila,U,12125
5,10,5,2,2,6,10,7,9,9,Ideologia politica,2,0,7,10,0,0,0,13381,35-44,F,Focsani,Vrancea,U,12127
3,3,5,4,1,9,8,8,8,9,"denumirea, din nefericire !",2,2,7,7,4,0,0,4281,55-64,M,Resita,Caras-Severin,U,12128
5,10,10,10,0,10,10,1,10,10,diferente de program si conceptie,3,0,4,8,0,8,0,4576,65+,F,Jucu de Mijloc,Cluj,R,12165
0,0,0,0,0,0,0,0,0,0,niciuna,4,0,0,0,0,0,0,3130,25-34,F,Braila,Braila,U,12167
2,7,5,4,3,999,999,999,999,999,de membrii bine instruiti,4,999,999,999,999,999,0,10217,35-44,F,Ploiesti,Prahova,U,12169
9,7,8,10,6,9,5,8,7,4,Diferen'e ca de la cer la pamant. Mult mai credibil PNL,2,0,10,0,8,3,0,10069,45-54,F,Drajna de Sus,Prahova,R,12174
8,9,10,3,1,2,10,2,8,8,"Primul e de ideologie de stanga, al doilea de dreapta.",2,5,8,8,0,7,3,9419,25-34,F,Piatra Neamt,Neamt,U,12175
8,8,5,5,4,8,9,6,7,6,999,4,0,3,8,3,0,6,11073,25-34,F,Sibiu,Sibiu,U,12181
3,4,999,5,0,5,9,999,4,5,999,3,0,0,5,0,0,0,3130,45-54,F,Braila,Braila,U,12189
2,6,1,0,0,2,10,6,0,2,Oamenii si ideile lor,3,0,2,10,0,0,0,12648,25-34,F,Ramnicu Valcea,Valcea,U,12194
0,7,0,7,0,0,8,7,0,0,Nici una,2,0,10,8,0,0,0,6411,18 -24,F,Floresti,Gorj,R,12209
6,5,7,6,8,5,5,5,5,5,999,4,6,8,4,7,2,0,7,35-44,F,Alba Iulia,Alba,U,12210
10,10,10,0,5,0,10,0,10,10,Pnl-istii sunt niste mincinoşi.,2,10,0,0,10,7,0,7,25-34,F,Alba Iulia,Alba,U,12233
9,999,999,999,999,999,999,999,999,999,999,2,999,999,999,999,999,999,3424,25-34,F,Sectorul 6,Bucuresti,U,12245
0,0,1,0,0,0,0,0,0,0,999,4,10,0,10,0,0,0,8005,18 -24,F,Chiajna,Ilfov,R,12249
999,999,999,999,999,999,999,999,999,999,999,3,999,999,999,999,999,999,5621,25-34,F,Craiova,Dolj,U,12264
9,9,3,3,1,5,10,5,9,999,999,3,0,8,10,0,0,5,4473,25-34,F,Cluj-Napoca,Cluj,U,12271
3,10,8,1,1,1,9,1,9,1,"Doar numele, in rest aceeasi HOTI",2,1,5,5,0,0,0,10217,35-44,M,Ploiesti,Prahova,U,12281
4,4,5,6,4,3,8,6,7,9,Nu stiu,3,3,4,4,4,6,5,3190,25-34,M,Maxineni,Braila,R,12282
999,999,999,999,999,999,999,999,999,999,999,3,999,999,999,999,999,999,12003,35-44,F,Sandra,Timis,R,12285
6,7,10,10,6,10,10,6,6,10,999,3,7,0,0,4,0,0,8454,55-64,F,Drobeta-Turnu Severin,Mehedinti,U,12300
5,5,5,5,5,5,5,5,5,5,acelasi aluat,2,0,0,0,0,0,0,10217,45-54,F,Ploiesti,Prahova,U,12307
7,999,999,999,999,999,999,999,7,999,999,2,0,10,999,10,0,0,12195,35-44,M,Tulcea,Tulcea,U,12313
5,4,4,4,4,5,5,5,5,5,Toti sunt la fel,2,3,3,3,3,3,3,3424,25-34,F,Sectorul 6,Bucuresti,U,12329
5,8,4,4,3,0,0,3,0,0,999,3,0,10,0,0,0,0,13276,45-54,F,Adjud,Vrancea,U,12330
4,999,999,999,0,999,10,999,999,999,999,3,0,0,10,0,999,999,4473,18 -24,F,Cluj-Napoca,Cluj,U,12349
10,999,0,2,0,9,10,1,7,0,999,3,0,4,10,0,1,2,4473,25-34,M,Cluj-Napoca,Cluj,U,12350
8,5,6,3,4,3,4,5,6,7,de opinie si de actionare,2,8,9,0,0,0,0,11746,25-34,F,Zimnicea,Teleorman,U,12356
7,5,5,8,7,5,4,5,5,4,999,3,2,6,0,1,5,1,8024,25-34,F,Dragomiresti-Deal,Ilfov,R,12357
999,999,999,999,999,999,999,999,999,999,999,4,999,999,999,999,999,999,4913,35-44,F,Mihail Kogalniceanu,Constanta,R,12358
10,10,10,10,999,10,999,10,999,999,999,3,10,10,10,10,0,0,11105,25-34,F,Adancata,Suceava,R,12361
8,8,999,6,7,6,5,7,7,4,999,3,5,4,3,5,7,1,3421,35-44,F,Sectorul 3,Bucuresti,U,12367
5,4,5,5,4,4,2,4,3,4,999,1,10,1,1,9,6,1,8454,45-54,F,Drobeta-Turnu Severin,Mehedinti,U,12369
6,6,8,5,7,4,8,5,7,6,999,3,8,5,5,6,3,6,6070,65+,F,Vanatori,Galati,R,12378
999,999,999,999,999,999,999,999,999,999,999,3,999,999,999,999,999,999,9863,25-34,F,Slatina,Olt,U,12391
10,10,1,7,1,8,10,8,8,2,Unul e de stânga celalalt e de dreapta,3,2,7,10,0,0,0,4909,25-34,F,Mangalia,Constanta,U,12413
10,5,8,5,8,5,8,5,5,5,penalii din partidul psd,3,0,5,10,2,9,2,3421,55-64,M,Sectorul 3,Bucuresti,U,12422
3,3,6,5,0,5,3,4,6,5,nu stiu daca exista diferente intre partidele actuale,2,4,7,4,5,5,0,10217,45-54,F,Ploiesti,Prahova,U,12430
7,999,4,4,1,6,10,8,8,4,Viziunea despre viata si lume.,2,0,5,7,0,0,0,3420,18 -24,M,Sectorul 2,Bucuresti,U,12433
10,10,10,10,10,10,10,10,10,10,realitatea,2,10,0,0,10,0,0,7544,25-34,M,Slobozia,Ialomita,U,12439
10,10,10,10,10,10,10,10,10,10,999,4,10,0,0,0,0,0,5959,35-44,M,Galati,Galati,U,12441
4,5,6,4,0,5,5,4,5,7,"PDL a avut puterea de a lăsa justiția să hotărască în ceea ce privește membrii săi de partid fără a pune la îndoială actul de justiție, iar PSD atacă justiția și contestă hotărârile definitive și irev",2,3,6,4,2,6,0,10217,45-54,M,Ploiesti,Prahova,U,12442
999,999,999,999,999,999,999,999,999,999,999,4,0,0,0,0,0,0,2809,25-34,F,Bobulesti,Botosani,U,12443
9,999,999,999,999,999,999,999,999,999,999,4,999,999,999,999,999,999,3420,25-34,F,Sectorul 2,Bucuresti,U,12444
10,9,8,6,2,3,3,5,5,1,999,4,6,5,5,7,4,5,9506,35-44,F,Targu Neamt,Neamt,U,12447
7,6,4,7,6,9,5,5,8,2,999,3,9,2,4,8,3,7,6009,18 -24,F,Piscu,Galati,R,12457
10,10,10,10,10,999,999,999,999,999,999,3,0,5,4,1,5,5,10217,25-34,F,Ploiesti,Prahova,U,12458
0,0,0,0,0,0,0,0,0,0,999,3,0,0,0,0,0,0,10217,35-44,F,Ploiesti,Prahova,U,12464
8,4,4,8,5,9,5,8,6,7,999,1,6,8,6,6,8,7,9617,18 -24,F,Caracal,Olt,U,12466
10,2,10,3,1,6,6,6,6,6,"psd este alaturi de saraci, pe cand pnl nu",4,7,7,7,7,7,7,3421,45-54,F,Sectorul 3,Bucuresti,U,12470
3,3,3,3,4,2,8,6,4,7,999,2,3,2,5,1,3,4,930,25-34,F,Sicula,Arad,R,12473
999,999,999,999,999,999,999,999,999,999,999,4,999,999,999,999,999,999,11073,18 -24,F,Sibiu,Sibiu,U,12474
10,10,5,5,0,10,10,5,10,5,"Psd - doar minciuni
Pnl- parolist",2,0,10,0,0,0,0,9457,25-34,F,Roman,Neamt,U,12485
10,3,3,3,1,2,4,4,1,2,999,2,2,8,5,5,7,2,4473,55-64,M,Cluj-Napoca,Cluj,U,12497
10,10,10,10,10,10,10,10,10,10,Ambele șanț pe interes.,3,0,0,0,0,0,0,1379,55-64,M,Pitesti,Arges,U,12505
5,0,999,2,0,10,999,5,4,0,Pnl inseamna oameni cu mai multi bani. Psd e mai vulgar,2,0,5,0,0,0,6,5959,55-64,F,Galati,Galati,U,12516
8,10,10,4,2,6,10,1,2,1,"Psd un partid social ,pentru un trai mai bun ,locuri de munca.pnlun partid care in acest moment nu are nici un program pentru tara ,doar pentru intresele lor proprii .Pacat de acest partid",2,9,6,0,7,0,0,7,55-64,M,Alba Iulia,Alba,U,12535
6,8,5,2,3,5,8,5,7,5,"Unii tac si fac, altii vorbesc . . . .",3,10,4,0,7,6,0,6140,55-64,M,Giurgiu,Giurgiu,U,12537
0,10,10,10,0,6,10,4,10,10,"Sunt la fel de asemanatoare .in sensul ca dau niste legi care la prima vedere sunt bune,dar inrealitate sunt facute in asa fel ca pacalesc oamenii dezimformati.Ex:ultima lege de marire a salariilor ar",2,0,0,0,0,10,0,6140,55-64,M,Giurgiu,Giurgiu,U,12538
5,3,10,3,3,10,0,10,0,10,999,1,0,0,0,0,10,0,7822,55-64,F,Pascani,Iasi,U,12546
10,3,5,6,1,7,5,6,8,5,"PSD  - incearca  sa  faca  ceva   util  pentru popor  ,iar  PNL   nu  stie  ce  vrea",2,10,0,2,8,2,4,7090,55-64,F,Deva,Hunedoara,U,12553
10,0,0,0,0,0,0,0,0,0,Au presedinte de partide diferitu,3,999,999,999,999,999,999,11460,55-64,F,Suceava,Suceava,U,12564
999,999,999,999,999,5,7,10,999,10,999,3,10,999,10,10,999,999,11828,55-64,F,Costeiu,Timis,R,12582
10,5,10,5,5,5,10,5,5,5,"psd ataca justitia,pnl lasa justitia sa si faca treaba",4,0,7,0,0,0,0,3421,55-64,F,Sectorul 3,Bucuresti,U,12603
7,10,9,0,3,2,10,1,10,10,"PNL mi se pare ca isi schimba linia, in functie de interesele diversilor leaderi, punand foarte putin baza pe cerintele si nevoile votantilor, spre deosebire de PSD, pe care il vad putin mai constant.",3,8,0,0,10,0,0,3420,55-64,M,Sectorul 2,Bucuresti,U,12610
7,9,7,5,0,3,10,7,7,8,"Pnl are o perspectiva liberala,sustine tinerii,proiectele  de viitor,pe cand PSD are o perspectiva comunista si se sustin pe ei in primul rand si apoi pensionarii",2,0,9,10,0,6,0,5959,25-34,F,Galati,Galati,U,12611
9,10,9,8,3,8,10,7,7,10,"PSD partid organizat si bine intentionat social.
PNL partid fara doctrina, neorganizat, rau intentionat social",2,10,1,0,10,0,1,3422,65+,M,Sectorul 4,Bucuresti,U,12623
10,10,999,999,4,999,999,999,9,999,999,2,10,0,0,10,0,0,3266,55-64,F,Brasov,Brasov,U,12637
10,5,8,10,3,10,10,7,1,5,Dreapta/stanga,1,5,10,0,7,0,0,1466,55-64,F,Stefan cel Mare,Arges,R,12642
10,10,10,2,1,1,10,1,10,10,"PSDE-ALDE LUCREAZA IN FOLOSUL TARI SI A OAMENILOR, IAR PNL BOICOTEAZA",2,5,0,0,10,0,0,3422,65+,F,Sectorul 4,Bucuresti,U,12665
10,6,4,5,2,5,5,6,3,6,999,3,2,6,4,4,0,0,3380,55-64,F,Simbata de Jos,Brasov,R,12695
5,5,5,5,5,5,5,5,5,5,999,3,5,5,5,5,5,5,3423,55-64,F,Sectorul 5,Bucuresti,U,12702
10,0,10,0,0,0,10,0,10,10,"gandirea.aroganta ,dispretul fata de popor",2,10,0,0,10,0,0,7416,55-64,F,Vulcan,Hunedoara,U,12703
0,10,999,0,0,4,10,0,5,999,"La prima impresie PSD face totul pentru alegatorii sai ,dau legi pentru binele populatiei .PNL este contra la toate .",2,10,0,0,10,0,0,4922,55-64,F,Navodari,Constanta,U,12712
7,10,10,999,1,4,10,7,10,10,999,3,10,0,0,10,0,0,1580,55-64,F,Bacau,Bacau,U,12723
10,4,7,0,0,4,8,7,9,9,"PSD Program de guvernare bine organizat, cu intentii patriotice ,mai aproape de populatie ,Intentii de cesrtere a nivelului de trai al populatiei intentii de combaterea coruptiei",2,10,3,0,8,2,0,4842,55-64,M,Constanta,Constanta,U,12735
3,9,6,7,7,8,10,4,3,7,#NUME?,3,2,7,6,2,2,2,3421,55-64,F,Sectorul 3,Bucuresti,U,12745
10,10,10,3,5,5,10,3,10,9,999,2,10,0,0,10,0,5,1094,65+,M,Campulung,Arges,U,12782
7,5,6,6,7,5,6,5,5,6,999,3,5,5,4,6,7,6,6696,45-54,M,Baile Tusnad,Harghita,U,12787
10,3,5,10,0,9,0,5,10,5,"PSD e partid de stinga,PNL partid de dreapta,psd tinde sa devina un partid totalitarist,comunist",2,0,10,0,0,0,0,7472,55-64,F,Fetesti,Ialomita,U,12793
5,1,1,1,8,2,1,1,3,1,Psd rate mai liberal CA pnl.,1,9,1,0,9,3,0,1716,55-64,F,Darmanesti,Bacau,U,12808
4,7,2,4,4,5,6,6,3,6,Psd social pun liberal,3,10,6,4,10,1,3,3423,55-64,M,Sectorul 5,Bucuresti,U,12826
7,8,4,3,1,5,10,8,5,4,,2,0,10,3,0,0,0,4473,55-64,M,Cluj-Napoca,Cluj,U,12827
10,6,8,7,7,8,8,7,7,7,directia in care merg,3,999,999,999,999,999,999,3424,55-64,M,Sectorul 6,Bucuresti,U,12834
4,3,3,3,3,4,4,4,4,4,"acceaşi Mărie, dar totuşi cu altă pălărie.....",2,0,2,0,0,0,0,8100,55-64,F,Baia Mare,Maramures,U,12875
5,10,0,10,0,7,10,10,10,10,Diferenta de doctrina politica,1,10,0,0,10,0,0,6053,55-64,F,Tecuci,Galati,U,12888
4,10,4,1,2,2,10,4,4,4,"PSD se mai gândeşte un pic şi la clasa de mijloc
PNL se gândesc numai la ei.",2,10,1,0,8,0,0,3266,55-64,F,Brasov,Brasov,U,12893
8,8,8,1,2,1,9,0,7,9,doctrina,3,6,0,0,10,0,2,3424,55-64,M,Sectorul 6,Bucuresti,U,12898
5,5,5,5,5,5,5,5,5,5,NU ESTE NICI O DIFERENTA ! AMINDOUA PROMIT MULT DAR IN FOND NU FAC NIMIC .,2,5,5,0,5,0,0,4842,55-64,M,Constanta,Constanta,U,12914
10,10,10,10,5,5,10,5,9,10,Modul de distribuire a veniturilor.,3,10,0,0,5,0,0,10217,65+,M,Ploiesti,Prahova,U,12920
10,7,10,7,0,0,8,10,8,9,"CONCEPTE SI IDEI,TOTAL DIFERITE",3,10,10,10,10,10,0,3266,55-64,M,Brasov,Brasov,U,12925
0,10,4,9,0,3,9,8,2,7,"NU SINT DIFERENTE.AU FOST LA PUTERE,SEPARAT SAU IMPREUNA,PE FATA  SAU PE ASCUNS.NU AU FACUT DECIT RAU ACESTEI TARI.",2,0,1,5,0,1,0,3421,55-64,M,Sectorul 3,Bucuresti,U,12935
10,10,10,1,5,2,9,1,10,10,socio,2,8,0,0,10,0,0,4842,55-64,M,Constanta,Constanta,U,12942
4,5,5,5,5,5,5,5,5,5,Ambele sunt pline de hoti.,3,1,10,1,1,1,1,3487,65+,M,Buzau,Buzau,U,12946
4,8,8,4,4,4,4,8,4,4,Convingerile politice,2,4,6,7,4,7,0,3422,55-64,F,Sectorul 4,Bucuresti,U,12947
6,5,3,4,4,4,3,3,3,3,999,3,4,3,3,3,1,0,11071,55-64,M,Selimbar,Sibiu,R,12975
999,999,999,999,999,999,999,999,999,999,999,4,0,3,0,0,0,0,3420,35-44,M,Sectorul 2,Bucuresti,U,12984
5,10,10,4,0,7,10,7,7,10,Principala diferenta cred ca este in privinta problemelor pe care le au cu justitia.,2,0,10,10,0,10,0,3421,55-64,F,Sectorul 3,Bucuresti,U,12990
5,5,6,4,7,5,4,5,6,3,999,3,3,5,3,7,6,0,3424,55-64,F,Sectorul 6,Bucuresti,U,12997
0,1,1,1,1,1,1,1,1,1,"Hoti,  escroci,  incompetenti sa rezolve problemele tarii, demagoci, iresponsabili.",2,0,0,0,0,0,0,3424,55-64,M,Sectorul 6,Bucuresti,U,13041
5,5,5,2,2,5,5,5,5,7,PSD -UL de bazeaxa pe clasa sociala saraca iar PNL-UL pe clasa mijlocie.,3,0,5,5,0,7,0,3130,55-64,F,Braila,Braila,U,13070
5,10,10,2,0,2,10,2,10,6,Mentalitate,2,0,10,4,0,10,0,5460,55-64,M,Targoviste,Dambovita,U,13076
10,10,10,5,2,0,10,0,5,10,,3,10,5,0,10,0,0,9222,65+,M,Bicaz,Neamt,U,13086
999,999,999,999,999,999,999,999,999,999,999,3,0,0,0,0,0,0,4281,55-64,M,Resita,Caras-Severin,U,13087
5,5,6,5,6,6,5,6,5,5,"PSD orientare de stanga, reforme sociale, bunastare pentru popor. PNL orientare de dreapta, dezvoltare mediu de afaceri, economic, dezvoltare societati. De fapt, toti sunt ""o apa si-un pamant"" 
urmari",2,0,5,7,3,5,0,3421,65+,M,Sectorul 3,Bucuresti,U,13091
10,10,10,0,0,10,10,10,10,10,Fiecare fura cat mai mult,1,0,0,1,0,0,0,3130,25-34,F,Braila,Braila,U,13118
4,4,2,3,3,3,3,3,3,3,memebrii,3,0,5,1,1,3,0,12195,55-64,F,Tulcea,Tulcea,U,13119
8,8,7,8,3,7,8,8,3,5,"Diferențe de doctrină,  de viziune socială",2,1,10,0,1,0,0,5959,55-64,F,Galati,Galati,U,13140
5,5,5,5,5,5,5,5,5,5,999,3,1,1,1,1,1,1,3420,55-64,M,Sectorul 2,Bucuresti,U,13151
7,8,6,8,4,8,5,5,6,7,"modul de gandire, orientare , PSD  cu idei socialiste, PNL cu idei liberare",3,3,9,1,1,1,8,2409,55-64,F,Salonta,Bihor,U,13152
4,10,10,1,2,2,10,3,8,10,"PSD a marit salariile, PDL (partea care decide in PNL) le-a taiat",3,9,0,0,9,0,0,9863,55-64,M,Slatina,Olt,U,13163
4,5,10,5,7,6,5,8,4,5,PSD are politici sociale.Pnl are politici individuale,1,8,3,1,7,1,2,1581,55-64,F,Bacioiu,Bacau,R,13164
7,7,8,3,5,6,10,5,5,10,"social
 - mariri salarii bugetari 
- lipsa capital 
- anulare taxe si inlocuire cu alte noi",2,2,5,2,8,2,0,8454,55-64,M,Drobeta-Turnu Severin,Mehedinti,U,13204
10,10,10,1,1,1,10,1,10,10,999,3,10,1,1,9,1,1,1440,55-64,M,Schitu Golesti,Arges,R,13206
6,5,4,3,5,3,4,2,4,3,PSD de stanga PNL este de centru dreapta.,3,6,8,2,9,1,8,8100,55-64,F,Baia Mare,Maramures,U,13211
2,10,10,0,3,6,10,0,10,10,"Principala diferenta este, indepartarea de liberalism, prin absorbtia PDL ului.",2,7,0,0,10,0,0,3421,55-64,F,Sectorul 3,Bucuresti,U,13213
8,6,10,5,5,7,6,6,5,9,Program de cuvernare diferit,3,999,999,999,999,999,999,3974,55-64,F,Jegalia,Calarasi,R,13223
10,10,10,10,10,0,10,10,0,0,foarte mare,4,5,6,5,5,5,5,4842,55-64,M,Constanta,Constanta,U,13236
3,3,2,4,3,5,4,3,2,2,999,3,10,3,4,1,2,0,3423,55-64,F,Sectorul 5,Bucuresti,U,13246
5,0,0,3,0,0,3,2,0,0,999,4,0,2,2,4,0,0,4842,55-64,F,Constanta,Constanta,U,13249
10,10,0,2,7,2,0,0,0,1,Nu stiu,3,10,0,0,8,0,0,9124,55-64,F,Targu Mures,Mures,U,13280
5,10,10,2,0,3,8,3,8,7,"Ambele partide sunt total dezinteresate de binele tarii.Politicienii o data ajunsi in pozitii importante incep sa lucreze numaipentru ei,afaceri,mita,furt.Dar,intre PSD si PNL, aleg PNL.",3,0,10,9,0,5,0,10217,55-64,F,Ploiesti,Prahova,U,13303
10,5,5,6,4,6,7,4,8,5,Diferente de crez politic,3,5,7,5,4,0,0,10681,35-44,M,Zalau,Salaj,U,13309
10,8,10,7,8,7,10,9,8,8,999,3,0,2,1,0,4,2,4510,55-64,M,Dej,Cluj,U,13310
5,10,10,0,0,0,10,0,10,10,"PSd este un partid care are ca obiectiv cetateanu sarac si mediu,iar PNL are ca obiectiv  doar cetateanul bogat !",2,10,0,0,10,0,0,7138,55-64,M,Harau,Hunedoara,R,13315
10,10,10,2,1,3,10,9,1,10,"Ideile politice privind economia ,legea unica de salarizare ,Legea codurilor .Fiecare vrea sa fie la conducerea tarii .",2,8,8,0,5,0,0,6638,65+,M,Turceni,Gorj,U,13316
5,10,10,5,5,5,10,10,5,10,999,2,0,10,10,0,0,0,1580,55-64,M,Bacau,Bacau,U,13317
3,5,5,5,5,5,5,5,5,5,cei de la PSD sunt mai mincinosi si cu mai mult tupeu....plus ca au si mai multe dosare penale.,2,0,0,1,0,0,0,10217,55-64,M,Ploiesti,Prahova,U,13332
8,9,9,2,4,3,10,3,2,9,"- PSD incearca sa faca cate ceva si pentru cei multi,
- PNL incurca toate cele bune,
- la furat pentru ei, ambele partide sunt la fel",2,8,1,0,7,0,0,13253,55-64,M,Vaslui,Vaslui,U,13333
6,5,1,6,0,6,3,5,4,1,"Numărul de infractori la o sută de membrii de partid, se pare că PSD conduce detașat !",1,0,10,2,0,0,1,6622,55-64,M,Targu Jiu,Gorj,U,13336
10,3,10,5,10,7,5,5,7,6,"psd- partid social ,
pnl- partid cu gândire liberală",3,0,10,0,0,0,0,9198,55-64,F,Agapia,Neamt,R,13339
0,2,5,2,0,2,2,3,0,3,"Practica aceeasi politica de subordonare a economiei si interesele nationale ,corporatiilor multinationale.Au adus Romania in stadiu de colonie si se cearta de ochi lumii ,dar sint la fel de hoti.",2,0,0,0,0,0,0,4547,55-64,M,Gherla,Cluj,U,13351
2,1,3,0,0,1,1,2,1,1,PSD incearca rezolvarea problemelor sociale ale societatii prin dirijarea bugetului iar PNL incearca crestere nivelului de trai prin incurajarea /favorizarea producatorillor - intreprinzatorilor,2,10,2,0,0,0,0,3423,55-64,M,Sectorul 5,Bucuresti,U,13356
0,0,0,0,0,0,0,0,0,0,"sint la fel,",3,0,0,0,0,0,0,9124,55-64,M,Targu Mures,Mures,U,13372
5,5,5,5,5,5,5,5,5,5,"Teoretic au platforme diferite,practic cund ajung la putere urmaresc doar interesele proprii.",2,0,3,0,0,5,0,8056,55-64,F,Pantelimon,Ilfov,U,13376
5,9,5,5,0,5,9,7,7,3,Un hot mai mare si un hot mai mic,3,0,5,10,0,1,0,13409,65+,M,Jaristea,Vrancea,R,13380
999,7,10,6,2,9,8,3,3,8,999,3,0,2,3,2,6,0,10217,65+,M,Ploiesti,Prahova,U,13387
9,8,7,8,7,7,7,6,2,7,999,3,5,5,1,6,4,0,11268,45-54,F,Gura Humorului,Suceava,U,13389
4,10,10,10,5,0,10,0,4,10,#NUME?,2,7,4,0,10,0,0,4909,65+,M,Mangalia,Constanta,U,13393
10,999,999,999,999,999,999,999,999,999,999,3,0,0,0,0,0,9,9124,55-64,F,Targu Mures,Mures,U,13407
1,10,10,0,0,0,10,0,10,10,Diferenta ca cerul de pamant.,2,0,9,10,0,9,0,7195,55-64,M,Mihaileni,Hunedoara,R,13408
0,0,0,0,0,0,0,0,0,0,"Nu exista noci-o  difetenta,amandoua mint la fel de mult.",1,0,0,0,0,0,0,8041,65+,F,Magurele,Ilfov,U,13421
5,999,999,999,8,999,999,999,5,999,Nu cred ca sunt prea mari diferente din moment ce din timp in timp fac alianta la guvernare. Toti sunt la fel ....,3,5,5,999,5,999,0,3424,55-64,F,Sectorul 6,Bucuresti,U,13424
0,0,0,0,0,0,0,0,0,0,Nu exista nici o diferenta. Nu ii intereseaza decat propriul interes si locul care e confera siguranta indeplinirii dorintelor proprii.,3,0,0,0,0,0,0,12195,55-64,F,Tulcea,Tulcea,U,13430
3,4,1,4,1,999,0,999,0,999,999,3,0,5,10,4,0,0,11382,55-64,F,Poiana Stampei,Suceava,R,13437
2,10,10,0,0,5,10,10,5,10,999,3,0,0,0,0,0,0,7000,55-64,M,Brad,Hunedoara,U,13441
10,7,3,7,8,10,6,3,7,9,999,4,2,2,3,2,0,0,9124,25-34,F,Targu Mures,Mures,U,13465
10,8,10,9,10,8,9,6,8,9,"PSD  stanga
  PNL dreapta",3,10,2,2,2,2,1,1173,55-64,F,Curtea de Arges,Arges,U,13503
999,999,999,999,999,999,999,999,999,999,999,3,999,999,999,999,999,999,10217,25-34,F,Ploiesti,Prahova,U,13505
8,6,7,5,5,6,3,5,5,6,999,3,4,5,6,7,10,10,6823,45-54,M,Miercurea Ciuc,Harghita,U,13508
8,5,5,5,5,5,5,5,5,5,nu sunt diferente,3,5,5,5,5,5,5,1580,35-44,M,Bacau,Bacau,U,13511
4,5,5,5,5,5,5,5,5,5,Nu sunt diferente,3,0,5,5,0,0,0,8288,35-44,F,Sighetu Marmatiei,Maramures,U,13517
3,6,10,5,3,5,10,6,6,8,999,3,0,6,3,10,5,0,4842,35-44,F,Constanta,Constanta,U,13526
9,4,5,5,0,5,999,999,8,7,"Nu stiu ce sa zic,nu cunosc prea bine platformele program.",3,1,2,1,1,1,1,8288,45-54,M,Sighetu Marmatiei,Maramures,U,13527
10,5,9,4,7,0,2,6,0,1,modul de gandire pe termen lung,2,10,2,5,3,3,1,7426,45-54,M,Andrasesti,Ialomita,R,13556
3,0,0,0,0,0,0,0,0,0,-,4,0,0,0,0,0,0,4473,25-34,M,Cluj-Napoca,Cluj,U,13578
3,1,2,1,1,2,1,1,3,1,999,3,1,3,1,1,1,1,11843,25-34,F,Deta,Timis,U,13579
10,10,4,10,3,10,0,10,10,5,Nu au aceleași obiective.,1,10,0,6,10,0,0,9959,35-44,F,Baicoi,Prahova,U,13582
4,7,9,8,5,9,6,8,7,9,999,3,7,7,1,8,2,3,3691,25-34,F,Nehoiu,Buzau,U,13598
0,999,999,999,999,0,999,999,999,999,999,3,1,1,1,1,1,0,3421,35-44,F,Sectorul 3,Bucuresti,U,13616
0,2,3,2,0,10,10,10,7,7,999,2,6,2,0,1,3,0,6140,35-44,M,Giurgiu,Giurgiu,U,13642
0,3,4,4,0,0,0,0,0,0,999,4,0,0,0,0,0,0,8772,35-44,M,Cerghid,Mures,U,13660
6,7,5,8,1,6,9,7,8,2,"PSD se bazeaza pe punerea in functoi cheie de oameni servili sistemului creat de ei,cfara a fi capabili si fara a avea o pregatire in domeniu, PNL  a pus un functii cheie specialisti.",1,0,7,10,0,3,0,10217,35-44,M,Ploiesti,Prahova,U,13679
6,8,4,3,2,8,9,7,5,6,doctrine si modul cum se pliaza pe spatiul social,2,0,7,2,0,0,0,5460,55-64,M,Targoviste,Dambovita,U,13719
0,5,5,0,0,0,5,5,5,0,Nu este mare diferență ambele sunt de dreapta.,2,0,10,0,0,0,0,5621,55-64,M,Craiova,Dolj,U,13757
0,1,1,0,2,1,1,0,0,1,999,1,0,0,0,0,0,0,10874,55-64,F,Satu Mare,Satu Mare,U,13763
8,3,6,999,9,6,9,8,7,3,999,3,1,2,9,7,3,7,3424,25-34,F,Sectorul 6,Bucuresti,U,13778
6,3,5,3,0,2,4,3,3,2,999,4,0,3,0,0,0,10,4473,45-54,M,Cluj-Napoca,Cluj,U,13804
10,10,9,1,1,1,10,9,1,10,Deferenta e ca unu se gîndește la oamenii  celalt nu,2,10,0,10,1,10,10,6266,25-34,M,Baia de Fier,Gorj,R,13816
9,2,5,1,7,6,8,7,1,5,999,3,0,0,0,0,0,0,9124,45-54,M,Targu Mures,Mures,U,13817
999,999,999,999,999,999,999,999,999,999,999,4,999,999,999,999,999,999,5621,25-34,M,Craiova,Dolj,U,13837
4,5,7,4,4,999,5,999,999,5,999,3,999,999,999,999,999,999,11439,25-34,F,Siret,Suceava,U,13864
7,7,8,3,1,4,5,5,3,6,999,3,0,6,3,10,6,0,3421,25-34,F,Sectorul 3,Bucuresti,U,13883
10,10,10,1,2,1,10,6,10,10,"PSD Da,PNL Ia",2,10,1,0,9,0,0,10573,65+,F,Nusfalau,Salaj,R,13885
0,3,3,3,3,0,0,0,0,0,999,4,999,999,999,999,999,999,12195,35-44,F,Tulcea,Tulcea,U,13908
999,999,999,999,999,999,999,999,999,999,999,4,10,999,999,999,999,1,4868,55-64,M,Eforie Nord,Constanta,U,13926
10,10,10,7,4,5,10,6,3,10,999,2,10,0,0,9,0,0,12043,65+,M,Timisoara,Timis,U,13934
10,999,10,0,5,7,10,7,7,7,"Liberalismul este  total depasit,",2,10,0,5,3,0,999,5123,55-64,M,Targu Secuiesc,Covasna,U,13943
10,999,999,999,999,999,999,999,999,999,Nu stiu,4,999,999,999,999,999,999,5959,35-44,M,Galati,Galati,U,13946
0,0,0,10,10,10,0,0,0,0,999,3,1,0,0,0,0,0,3420,18 -24,F,Sectorul 2,Bucuresti,U,13954
9,0,0,0,0,0,0,0,0,0,999,3,999,999,999,999,999,999,6622,35-44,F,Targu Jiu,Gorj,U,13981
7,3,4,8,3,4,8,4,7,6,"Psd ul este un partid corupt, in partid sunt persoane nepregatite, fara studii superioare sau cu facultati particulare, mentalitati meschine.",2,0,6,8,2,0,0,1094,45-54,F,Campulung,Arges,U,13986
0,5,5,5,5,10,5,10,6,10,999,3,0,5,2,4,4,0,3424,55-64,F,Sectorul 6,Bucuresti,U,13995
10,999,999,999,0,999,999,999,999,999,999,2,6,0,0,8,0,0,11240,35-44,F,Falticeni,Suceava,U,13997
5,0,10,0,0,0,10,0,0,0,999,1,10,0,0,0,0,0,3920,35-44,F,Calarasi,Calarasi,U,14002
8,7,10,4,0,10,5,10,9,10,"Ca doctrina sunt asemanatoare-adica nu au o doctrina,o ideologie specifica,coagulata.De multe ori dupa cum s-a vazut merg dupa intere de grup.PSD merge pe populism,de multe ori profitand de situatii.",2,0,2,3,2,10,0,3464,55-64,M,Berca,Buzau,R,14009
10,10,7,6,7,10,10,10,7,4,999,4,10,5,0,10,10,0,4281,65+,F,Resita,Caras-Severin,U,14010
10,10,10,2,4,1,10,0,10,10,999,2,10,3,0,9,0,0,3420,55-64,M,Sectorul 2,Bucuresti,U,14018
0,0,0,0,0,0,0,0,0,0,nu sunt diferente semnificative... decat  legat de praful ce il arunca in ochii alegatorilor,2,0,0,0,0,0,0,7753,35-44,M,Iasi,Iasi,U,14031
999,999,999,999,999,999,999,999,999,999,999,4,1,1,1,0,0,0,9414,35-44,M,Pastraveni,Neamt,R,14033
5,5,9,5,8,9,6,3,8,2,999,2,2,8,3,1,0,0,7,35-44,M,Alba Iulia,Alba,U,14054
5,6,5,2,7,3,2,4,4,5,"PSD,  vine  cu  masuri  sociale,  care-i  influenteaza  la  abandonul  scolar  in  ideea,  ca  Statul  are  grije  de  cetatenii  sai,  chiar  daca  nu  muncesc. PNL-ul  nu  are replica.",2,2,5,9,0,3,0,4473,65+,M,Cluj-Napoca,Cluj,U,14075
3,9,10,2,1,2,10,3,8,9,"PSD e de stanga, PNL de dreapta",2,1,5,4,0,6,1,4473,45-54,M,Cluj-Napoca,Cluj,U,14087
8,10,10,2,2,5,10,3,9,10,Competența,2,10,1,0,10,1,0,6140,45-54,M,Giurgiu,Giurgiu,U,14092
7,7,5,6,0,0,0,5,7,6,999,3,5,0,4,0,7,0,11073,55-64,F,Sibiu,Sibiu,U,14096
7,10,4,8,5,10,10,6,3,10,Psd este  un partid cuos doctrina de dreapta și politica este doctrina  liberala,2,0,7,5,0,10,0,3422,35-44,M,Sectorul 4,Bucuresti,U,14097
5,3,7,3,0,8,7,5,7,7,"Stanga-dreapta ,promit ce nu se poate realiza din punct de vedere financiar-sunt mai ponderati in promisiuni,cercetati sau condamnati penal in parlament-nu au candidat cei urmariti penal",2,0,10,5,0,1,5,10482,55-64,F,Cuzaplac,Salaj,R,14104
7,4,10,3,2,3,3,8,0,10,999,2,3,1,2,1,0,0,8278,35-44,M,Sarasau,Maramures,R,14128
6,999,999,999,0,999,999,999,999,999,999,3,2,4,0,1,0,0,7753,35-44,F,Iasi,Iasi,U,14136
999,5,5,5,5,5,5,5,5,5,999,3,5,5,5,5,5,5,5959,35-44,F,Galati,Galati,U,14140
999,999,999,999,999,999,999,999,999,999,999,3,5,8,3,4,6,3,10874,25-34,F,Satu Mare,Satu Mare,U,14156
7,999,999,999,999,999,999,999,999,999,999,3,0,5,0,0,999,0,1094,55-64,M,Campulung,Arges,U,14162
999,999,999,999,999,999,999,999,999,999,999,3,999,999,999,999,999,999,10217,55-64,F,Ploiesti,Prahova,U,14171
5,3,3,3,2,6,6,7,5,8,150,4,0,1,3,5,3,3,11135,18 -24,M,Bosanci,Suceava,R,14181
10,10,10,9,9,6,10,4,10,10,999,3,4,5,0,9,0,0,3130,35-44,M,Braila,Braila,U,14186
0,4,8,6,10,8,6,4,7,7,999,4,3,9,5,2,5,6,11456,18 -24,M,Straja,Suceava,R,14197
5,5,4,8,7,5,6,5,4,3,c,3,4,9,4,4,4,4,11073,18 -24,F,Sibiu,Sibiu,U,14206
1,1,5,1,1,3,1,5,1,5,"Sunt opozante in teorie, nu si in practica. Toti FURA si ne.au vandut strainilor. Isi urmaresc doar propriile interese.",1,0,1,1,1,3,0,10217,45-54,F,Ploiesti,Prahova,U,14219
7,9,9,9,9,8,8,8,8,8,nu am nici o opinie,3,8,8,8,8,8,8,4842,25-34,F,Constanta,Constanta,U,14237
10,5,5,5,5,5,5,5,5,5,999,3,0,0,0,0,0,0,10174,45-54,M,Novacesti,Prahova,R,14262
7,6,5,4,0,5,5,6,5,4,,3,0,8,3,0,0,0,7678,45-54,M,Dancu,Iasi,R,14264
8,5,6,4,2,999,7,6,8,6,999,3,7,3,4,6,5,1,9419,35-44,M,Piatra Neamt,Neamt,U,14289
10,999,999,999,999,999,999,999,999,999,999,3,999,999,999,999,999,999,5959,35-44,M,Galati,Galati,U,14290
999,999,999,999,999,999,999,999,999,999,"Trebuie să recunosc, nu cunosc aceste diferențe, deoarece nu m-a interesat niciodată politica.",4,5,5,0,0,0,0,4547,18 -24,F,Gherla,Cluj,U,14309
6,8,3,0,0,0,999,999,0,5,Nu vad ce legatura are cu intrebarile anterioare legate de Paște,2,0,5,6,0,0,0,1580,25-34,F,Bacau,Bacau,U,14339
0,0,0,0,0,0,0,0,0,0,Sunt la fel,3,0,6,0,0,0,0,10217,25-34,M,Ploiesti,Prahova,U,14340
10,10,10,4,0,5,10,3,1,10,"PSD ARE UN PROGRAM DE GUVERNARE SOCIAL, PNL NU ARE. PNL ESTE CONDUS DE FOSTII PDL-ISTI ADICA CEI CARE AU TAIAT SALARIILE.",2,10,0,0,5,0,0,13253,65+,M,Vaslui,Vaslui,U,14359
10,999,999,999,0,999,999,0,999,999,"psd este mai hotarat, are scopuri precise",1,7,0,0,7,0,0,2318,55-64,M,Marghita,Bihor,U,14369
5,4,7,5,6,7,5,6,7,6,999,3,3,5,4,5,5,0,1379,35-44,F,Pitesti,Arges,U,14411
5,10,10,10,10,5,5,7,8,8,999,3,6,6,7,4,9,5,5959,25-34,F,Galati,Galati,U,14419
10,10,10,3,0,0,10,0,10,10,999,1,10,0,0,10,0,0,9617,25-34,F,Caracal,Olt,U,14426
5,5,5,5,5,5,5,5,5,5,nici una.,3,5,5,5,5,5,5,11502,25-34,F,Vicovu de Sus,Suceava,U,14444
5,999,10,5,0,3,2,999,5,6,999,2,0,10,0,1,1,0,2816,45-54,F,Botosani,Botosani,U,14467
4,999,4,999,3,4,0,5,3,5,999,2,4,2,7,5,2,2,3362,25-34,F,Rasnov,Brasov,U,14468
2,999,999,999,999,999,999,999,999,999,999,3,10,999,999,999,999,999,979,35-44,F,Vladimirescu,Arad,R,14469
10,0,10,0,0,0,10,0,0,0,999,3,10,0,0,0,0,0,1580,25-34,M,Bacau,Bacau,U,14471
10,10,10,10,10,10,10,10,10,10,AU PERSPECTIVE DIFERITE,3,0,0,10,0,0,0,3424,25-34,F,Sectorul 6,Bucuresti,U,14476
0,6,0,6,0,0,6,6,0,0,Nu exista diferente. Toti sunt corupti si aproape toti penali,1,0,0,999,0,0,0,9863,45-54,M,Slatina,Olt,U,14494
0,999,999,999,999,999,999,999,999,999,999,4,0,5,0,5,0,0,9457,25-34,F,Roman,Neamt,U,14496
0,3,4,3,0,10,3,10,0,10,999,2,0,3,5,1,1,0,9674,45-54,M,Deleni,Olt,R,14501
10,999,10,10,10,999,10,999,999,999,PSD vede in perspectivă ....au puterea de a predictibiliza lucrurile ce trebuie puse la punct in țară...,2,10,999,999,999,999,999,7753,45-54,F,Iasi,Iasi,U,14512
0,9,9,9,9,9,9,9,9,9,Doar de oameni....,3,999,999,999,999,999,999,4842,35-44,F,Constanta,Constanta,U,14516
999,999,999,999,999,999,999,999,999,999,999,4,999,999,999,999,999,999,7839,25-34,F,Podu Iloaiei,Iasi,U,14562
10,5,5,999,5,999,999,999,999,999,999,4,999,999,999,999,999,999,10217,45-54,M,Ploiesti,Prahova,U,14571
9,9,9,9,9,9,9,9,9,9,Diferențe sunt doar de fatada,3,9,5,5,5,9,9,3424,65+,M,Sectorul 6,Bucuresti,U,14574
2,1,10,1,0,10,1,10,1,10,"mari diferente nu exista intre ele.PSD este un partid mai heterogen,pe cand PNL se viseaza mai elitist si mai omogen din acest punct de vedere.",2,0,5,0,0,5,2,,55-64,F,,,,14581
0,0,10,0,10,10,10,10,0,10,Sincer parerea mea este. Aproape toti sunt o apa si un pamant,3,0,0,0,10,10,0,7416,45-54,F,Vulcan,Hunedoara,U,14585
0,0,2,6,10,2,2,6,1,1,999,2,10,0,0,0,0,0,9947,18 -24,F,Albesti-Paleologu,Prahova,R,14588
999,999,999,999,999,999,999,999,999,999,999,4,999,999,999,999,999,999,3421,35-44,F,Sectorul 3,Bucuresti,U,14596
10,10,10,0,0,10,10,10,10,10,999,2,10,0,0,10,0,0,3424,65+,M,Sectorul 6,Bucuresti,U,14616
5,4,6,7,7,4,5,9,6,3,Liberal versuss democrat,3,0,0,0,0,0,0,9222,45-54,F,Bicaz,Neamt,U,14636
2,3,3,3,2,2,3,3,2,2,999,3,2,3,2,6,5,0,13405,45-54,F,Iresti,Vrancea,R,14648
4,9,8,4,7,2,2,3,0,5,999,3,0,1,3,3,5,2,9495,55-64,F,Stefan cel Mare,Neamt,R,14660
0,0,0,0,0,0,0,0,0,0,999,4,0,0,0,0,0,0,3266,35-44,M,Brasov,Brasov,U,14663
10,6,10,1,7,4,9,1,2,1,999,3,0,10,0,0,1,0,,25-34,F,,,,14669
7,8,9,4,2,6,4,4,7,7,diferente de doctrina politica si orientare,2,3,5,8,5,7,0,3422,55-64,F,Sectorul 4,Bucuresti,U,14699
7,10,7,5,3,5,10,7,6,6,999,4,0,3,10,0,3,0,1580,25-34,F,Bacau,Bacau,U,14705
999,999,999,999,999,999,999,999,999,999,999,4,0,2,0,0,0,0,7753,25-34,F,Iasi,Iasi,U,14707
5,0,0,0,0,0,0,0,0,0,Liderii sunt diferiti in rest fac aceleasi porcarii,3,1,5,2,0,0,0,2318,55-64,M,Marghita,Bihor,U,14722
5,5,2,3,3,3,1,4,5,3,999,2,0,1,6,0,5,0,12195,45-54,F,Tulcea,Tulcea,U,14759
5,999,999,999,999,999,999,999,999,999,nu este nicio diferenta,3,9,9,10,5,5,5,5621,25-34,F,Craiova,Dolj,U,15097
7,10,3,10,0,4,10,4,4,2,"PSD este ""articulat"", PNL este o umbra",2,0,7,7,0,0,0,2816,45-54,M,Botosani,Botosani,U,15241
9,7,7,2,2,9,9,9,2,2,comunism  vs democratie,1,0,10,5,0,0,0,4473,55-64,M,Cluj-Napoca,Cluj,U,15400
6,10,4,4,10,6,0,5,6,0,opozitie,3,0,3,0,6,6,0,1379,35-44,F,Pitesti,Arges,U,15443
10,10,10,999,0,999,10,10,4,999,unul e de stanga si celalat e de dreapta,4,0,0,0,0,0,0,6053,35-44,M,Tecuci,Galati,U,15718
4,0,3,2,2,1,1,2,2,2,999,3,999,999,10,999,999,999,3424,35-44,F,Sectorul 6,Bucuresti,U,15732
4,6,4,2,7,2,6,4,3,2,Cred ca PSD are o influenta mare asupra populației fata de PNL,2,4,10,9,6,9,2,7753,35-44,M,Iasi,Iasi,U,15756
0,0,0,0,0,0,0,0,0,0,"Nu sunt diferente! Toti sunt la fel! Nu conteaza interesul tarii, doar interesul lor!",2,0,0,0,0,0,0,11073,25-34,F,Sibiu,Sibiu,U,15994
7,7,10,5,6,5,3,4,6,9,...,2,0,7,7,0,4,0,3421,25-34,F,Sectorul 3,Bucuresti,U,15995
0,0,0,0,0,0,0,0,0,0,999,3,0,0,0,0,0,0,11202,25-34,M,Cotu Baii,Suceava,R,15999
6,1,1,1,1,1,1,1,1,1,conducerea si o parte din conceptii,3,1,4,0,1,0,1,10164,35-44,F,Mizil,Prahova,U,16000
0,0,5,0,4,6,4,4,5,4,999,3,1,7,2,1,9,1,12195,25-34,F,Tulcea,Tulcea,U,16003
0,0,0,0,0,0,0,0,0,0,"Nici o diferenta, amandoua au acelasi scop.",3,0,0,0,0,0,0,4842,18 -24,F,Constanta,Constanta,U,16008
999,999,999,999,999,999,999,999,999,999,999,3,999,999,999,10,999,999,5648,35-44,F,Filiasi,Dolj,U,16009
7,6,6,6,6,6,6,6,6,6,999,3,0,8,0,0,0,1,12399,25-34,F,Dragasani,Valcea,U,16011
999,999,999,999,999,999,999,999,999,999,999,4,999,999,999,999,999,999,10007,18 -24,F,Campina,Prahova,U,16029
10,9,9,10,8,7,5,7,7,6,999,3,999,999,999,999,999,999,4281,35-44,F,Resita,Caras-Severin,U,16036
4,4,3,4,2,4,6,2,5,2,Organizarea,3,3,5,2,1,1,1,5621,25-34,F,Craiova,Dolj,U,16037
999,999,999,999,999,999,999,999,999,999,999,4,999,999,999,999,999,999,12648,25-34,F,Ramnicu Valcea,Valcea,U,16045
0,0,0,0,0,0,0,0,0,0,"Tinand cont de ceea ce se intampla in politica romaneasca, consider ca toate partidele sunt la fel. Toti politicienii fac promisiuni dar nu se realizeaza nimic.",3,1,1,999,0,999,0,3266,25-34,F,Brasov,Brasov,U,16048
7,10,10,10,10,10,10,10,10,10,psd incearca sa majoreze salariile si ajutoare pentru cei nevoiasi,3,8,7,1,1,1,1,1580,25-34,F,Bacau,Bacau,U,16049
7,2,5,3,6,6,8,4,3,5,PSD se tin de cuvant,3,7,4,0,1,2,0,7416,45-54,M,Vulcan,Hunedoara,U,16050
0,0,0,0,0,0,0,0,0,0,"nu sunt, toti sunt la fel",3,0,5,0,5,0,0,5959,25-34,F,Galati,Galati,U,16051
5,10,10,0,10,0,6,0,0,0,PSD respecta promisiunile,3,10,0,1,0,0,5,3421,35-44,F,Sectorul 3,Bucuresti,U,16059
0,6,4,999,0,0,2,6,2,3,Nu stiu,4,5,5,5,5,5,5,10350,25-34,F,Vadu Parului,Prahova,R,16060
5,7,6,5,6,7,6,5,7,8,999,2,4,4,6,5,7,5,12043,35-44,M,Timisoara,Timis,U,16065
10,5,999,4,3,3,6,5,0,4,999,3,0,8,3,6,7,0,6140,25-34,F,Giurgiu,Giurgiu,U,16072
9,9,9,9,9,0,0,0,0,0,Nu sunt diferente! Toti vor acelasi lucru: puterea pt avantaje proprii,2,10,10,0,10,0,0,3424,55-64,F,Sectorul 6,Bucuresti,U,16076
10,10,10,10,10,10,10,10,10,10,999,3,10,0,0,0,0,0,5992,18 -24,F,Matca,Galati,R,16081
10,6,999,10,10,10,7,999,10,8,999,3,7,5,0,0,0,0,6140,35-44,F,Giurgiu,Giurgiu,U,16084
4,8,8,5,2,999,8,10,9,999,999,3,3,8,8,3,0,0,3421,35-44,F,Sectorul 3,Bucuresti,U,16089
10,7,4,3,2,3,8,3,2,8,"PNL vrea mariri de salarii si pensi, in timp ce PSD vrea sa introduca impozite tot mai multe si mai mari. PNL vrea o relatie stabila cu Uniunea Europeana, in timp ce PSD nu este interesat de acest luc",2,0,8,7,2,3,3,4473,25-34,F,Cluj-Napoca,Cluj,U,16106
3,2,2,2,3,2,2,2,1,2,999,4,8,8,9,9,9,9,7753,35-44,M,Iasi,Iasi,U,16110
5,3,3,4,5,2,5,4,6,5,Platforma pilitica,3,1,2,6,0,0,0,3422,45-54,F,Sectorul 4,Bucuresti,U,16114
7,6,5,6,8,7,8,9,7,999,sunt de stanga si de dreapta,2,2,9,8,10,7,3,12043,35-44,F,Timisoara,Timis,U,16117
2,7,10,7,5,6,6,7,7,8,999,3,10,5,5,9,5,0,11517,18 -24,F,Alexandria,Teleorman,U,16120
10,999,999,999,999,999,999,999,999,999,999,4,999,999,999,999,999,999,11723,35-44,F,Turnu Magurele,Teleorman,U,16131
5,6,5,2,1,4,10,4,6,5,Ideologia si ceea ce vor sa obtina prin mandatele lor.,3,0,6,10,0,4,0,3424,25-34,F,Sectorul 6,Bucuresti,U,16133
5,4,4,4,4,5,5,6,6,6,diferente de opinie,1,5,5,5,5,5,5,3419,25-34,F,Sectorul 1,Bucuresti,U,16134
5,5,8,5,6,7,5,6,7,6,"Liderii PNL isi analizeaza problemele din partid, dupa ce au realizat ca la parlamentare au fost ""praf"" si spun ca unica solutie este unitatea impotriva PSD.",1,6,6,5,5,5,5,5648,25-34,F,Filiasi,Dolj,U,16138
999,999,999,999,999,1,999,999,999,999,999,4,0,0,0,0,0,0,5959,35-44,M,Galati,Galati,U,16152
7,5,10,0,2,2,9,2,1,2,de doctrina,1,1,6,10,6,4,2,3419,35-44,M,Sectorul 1,Bucuresti,U,16167
0,1,0,2,1,3,3,3,3,4,Popularitatea,2,4,6,3,0,0,0,2895,35-44,F,Draguseni,Botosani,R,16170
999,999,999,999,999,999,999,999,999,999,999,3,1,2,1,1,1,0,10681,55-64,F,Zalau,Salaj,U,16174
10,10,10,10,0,10,10,10,10,10,999,3,1,5,999,1,5,999,3422,45-54,M,Sectorul 4,Bucuresti,U,16182
5,3,4,1,9,4,5,2,3,2,Un partid serios,2,9,4,2,2,1,0,12043,25-34,M,Timisoara,Timis,U,16183
0,0,0,0,0,0,0,0,0,0,,2,0,0,0,0,0,0,3422,45-54,M,Sectorul 4,Bucuresti,U,16184
3,3,3,6,4,4,6,3,6,4,999,3,2,5,2,3,3,2,8006,25-34,M,Chitila,Ilfov,U,16185
1,999,999,9,999,4,9,8,4,4,999,1,0,0,9,0,0,0,3424,25-34,F,Sectorul 6,Bucuresti,U,16186
0,10,0,10,0,0,10,10,0,0,Nu sunt diferente. Toti sunt o apa si un pamant.,3,0,0,10,0,0,0,3421,35-44,F,Sectorul 3,Bucuresti,U,16215
10,999,999,999,999,999,999,999,999,999,999,4,999,999,999,999,999,999,3422,18 -24,M,Sectorul 4,Bucuresti,U,16218
4,3,0,1,2,999,999,999,999,999,999,3,999,999,999,999,999,999,12136,25-34,F,Macin,Tulcea,U,16233
4,8,3,4,2,1,0,4,3,3,999,4,3,3,0,0,0,0,3176,18 -24,F,Insuratei,Braila,U,16243
3,4,6,9,1,8,4,4,5,7,999,4,2,3,5,1,5,0,12195,18 -24,F,Tulcea,Tulcea,U,16250
999,999,999,999,999,999,999,999,999,999,999,4,0,0,0,0,0,0,9617,45-54,M,Caracal,Olt,U,16260
7,3,6,10,10,10,4,999,2,6,999,4,10,3,0,0,0,0,8034,25-34,F,Gradistea,Ilfov,R,16261
999,999,999,999,999,999,999,999,999,999,999,3,999,999,999,999,999,999,10222,18 -24,F,Podenii Noi,Prahova,R,16270
5,5,7,3,6,4,5,6,6,5,999,3,0,0,10,0,0,0,3424,25-34,F,Sectorul 6,Bucuresti,U,16280
4,10,10,10,2,10,10,10,10,10,999,3,7,3,3,0,0,0,3266,35-44,F,Brasov,Brasov,U,16282
4,5,6,6,4,999,999,999,999,999,999,3,999,999,999,999,999,999,3420,25-34,F,Sectorul 2,Bucuresti,U,16296
3,3,4,3,0,1,3,3,2,0,Doctrina,3,0,10,9,3,2,0,4842,25-34,F,Constanta,Constanta,U,16299
10,10,999,10,10,10,10,10,999,999,999,3,10,0,0,0,0,0,6638,18 -24,F,Turceni,Gorj,U,16306
3,3,999,3,3,999,3,999,3,999,999,3,1,6,4,4,0,0,8100,25-34,F,Baia Mare,Maramures,U,16316
1,999,999,999,999,999,999,999,999,999,999,4,999,999,999,999,999,999,12061,25-34,F,Varias,Timis,R,16318
10,10,10,0,0,3,10,5,10,4,999,2,0,10,10,0,0,0,1716,25-34,F,Darmanesti,Bacau,U,16329
4,5,2,5,3,1,3,2,2,4,999,3,0,9,2,1,0,0,3419,25-34,F,Sectorul 1,Bucuresti,U,16335
10,10,10,0,0,0,10,0,10,10,PNL- taieri salari....PSD -adaugari salarii,3,10,0,0,10,0,0,9101,45-54,F,Sighisoara,Mures,U,16339
10,6,9,6,5,4,999,999,7,7,Au programe diferite de guvernare.,3,10,5,5,9,5,0,3487,18 -24,F,Buzau,Buzau,U,16345
4,999,8,5,7,3,999,999,999,3,Referitoare la măsurile populiste/populare,3,3,5,999,3,2,0,4922,25-34,F,Navodari,Constanta,U,16366
999,999,999,999,999,999,999,999,999,999,999,3,999,999,999,999,999,999,7994,35-44,M,Berceni,Ilfov,R,16378
8,10,7,5,0,5,10,9,5,2,PNL nu are așa de mulți politicieni cu dosare penale,3,0,9,10,4,3,3,2895,35-44,M,Draguseni,Botosani,R,16384
3,3,4,2,7,10,6,8,6,8,Pnl.ul de ocupa mai mult cu tineretul.,2,3,10,5,3,3,4,3191,18 -24,F,Mihai Bravu,Braila,R,16390
10,999,999,999,999,999,999,999,999,999,999,3,999,999,999,999,999,999,3890,35-44,F,Vernesti,Buzau,R,16392
5,1,6,2,1,9,4,3,10,8,999,2,6,0,0,2,1,0,7150,55-64,M,Hunedoara,Hunedoara,U,16393
4,4,4,4,4,999,999,999,999,999,999,3,999,999,999,999,999,999,1379,25-34,F,Pitesti,Arges,U,16402
0,10,10,10,10,10,10,10,10,10,999,4,10,10,10,10,10,10,1579,18 -24,F,Asau,Bacau,R,16419
0,999,999,999,999,999,999,999,999,999,Nu sunt digerente,3,0,0,0,0,0,0,4842,35-44,F,Constanta,Constanta,U,16427
6,2,1,4,4,3,3,8,5,3,"Mijloacele prin care isi ating scopul, perspectivele",2,1,3,1,1,1,1,1580,18 -24,F,Bacau,Bacau,U,16428
999,5,5,5,5,5,6,5,5,5,999,2,4,0,6,0,0,0,5648,18 -24,F,Filiasi,Dolj,U,16434
5,2,6,2,1,5,7,5,1,5,999,3,0,0,1,0,2,0,3421,45-54,F,Sectorul 3,Bucuresti,U,16435
999,999,999,999,999,999,999,999,999,999,999,4,10,10,4,0,0,6,7550,25-34,F,Tandarei,Ialomita,U,16449
0,0,0,0,0,0,0,0,0,0,999,3,1,1,1,1,10,1,3421,25-34,F,Sectorul 3,Bucuresti,U,16450
999,999,999,999,999,999,999,999,999,999,999,4,999,999,999,999,999,999,7753,25-34,F,Iasi,Iasi,U,16452
10,7,10,7,8,1,8,1,2,7,unul e SOCIAL...si celalalt e LIBERAL...,2,10,1,1,9,0,0,5959,45-54,F,Galati,Galati,U,16453
5,999,999,999,999,999,999,999,999,999,999,3,0,10,0,0,0,0,10310,18 -24,F,Strejnicu,Prahova,R,16456
6,9,3,999,0,4,10,8,5,3,"În PSD majoritatea oamenilor politici sunt corupți, pe cand PNL a mai făcut curățenie în partid",2,0,7,10,0,1,0,9124,25-34,F,Targu Mures,Mures,U,16460
9,6,9,5,2,1,10,3,8,8,"Programele de guvernare ale celor 2 partide abunda in promisiuni.
PSD se axeaza pe masuri economice tintite pe cresterea salariului minim, reducerea coei de TVA etc.
PNL vizeaza intreprinzatorii",2,10,10,3,2,10,0,3419,55-64,F,Sectorul 1,Bucuresti,U,16472
10,10,0,0,10,0,0,10,0,10,"Conducrea, gandirea, promisiunile",3,0,10,0,0,0,0,8063,35-44,F,Popesti Leordeni,Ilfov,U,16474
5,5,5,5,5,5,5,5,5,5,999,2,5,5,5,5,5,5,3420,35-44,M,Sectorul 2,Bucuresti,U,16475
999,999,10,4,4,2,10,4,10,6,999,4,999,999,999,999,999,999,3421,25-34,F,Sectorul 3,Bucuresti,U,16488
5,999,999,999,999,999,4,999,3,3,"nu stiu foarte multe despre politica dar din cate mi se pare mie, atunci cand unul dintre ele promite ceva, celalalt promite lucrul opus, doar ca sa para diferite",3,1,10,1,3,1,1,4765,18 -24,F,Turda,Cluj,U,16489
4,2,4,2,3,2,4,2,3,3,999,3,5,6,4,3,1,4,3422,25-34,F,Sectorul 4,Bucuresti,U,16491
10,9,10,0,5,0,10,1,10,7,999,2,5,0,0,9,0,0,7753,55-64,F,Iasi,Iasi,U,16495
5,5,1,5,2,1,8,1,1,1,"PSD ia masuri economice pentru oameni
PNL pentru intreprinzatori",1,10,5,5,2,1,0,3423,45-54,F,Sectorul 5,Bucuresti,U,16513
5,10,5,5,5,5,5,5,6,5,999,4,999,999,999,999,999,999,11006,25-34,F,Medias,Sibiu,U,16517
1,0,0,0,0,0,0,0,0,0,999,4,0,0,0,0,0,0,5959,35-44,F,Galati,Galati,U,16522
4,7,5,3,0,6,4,3,7,5,unul e de stanga si celalalt este de dreapta,3,0,6,6,0,0,0,3424,18 -24,M,Sectorul 6,Bucuresti,U,16527
3,4,2,4,3,7,2,5,7,2,999,4,999,999,999,999,999,999,11073,18 -24,F,Sibiu,Sibiu,U,16533
0,10,10,10,10,10,10,10,10,10,999,1,10,10,10,10,10,10,5959,25-34,F,Galati,Galati,U,16534
10,6,10,10,10,10,10,10,10,10,999,3,0,8,9,7,0,0,3420,25-34,F,Sectorul 2,Bucuresti,U,16544
0,3,2,0,4,1,0,2,0,3,999,2,0,0,3,2,2,4,3086,18 -24,F,Todireni,Botosani,R,16555
999,999,10,999,999,999,5,4,999,999,999,4,999,999,999,999,999,999,12648,35-44,F,Ramnicu Valcea,Valcea,U,16578
10,10,10,10,10,10,10,10,10,10,999,3,999,999,999,999,999,999,10363,25-34,F,Valea Dulce,Prahova,R,16585
6,5,0,5,0,5,5,5,5,5,"Banditii sunt la fel, culoare logo-ului partidului difera si putin vrajeala",2,0,10,5,7,5,0,3130,25-34,M,Braila,Braila,U,16590
5,10,10,3,3,4,5,4,5,3,999,2,10,10,4,0,5,0,6086,25-34,F,Bolintin-Deal,Giurgiu,R,16608
0,999,999,999,999,999,999,999,999,999,999,3,10,0,10,0,0,0,3992,25-34,F,Nucetu,Calarasi,R,16609
5,9,8,7,1,8,7,8,9,9,,1,1,9,8,1,10,2,3421,45-54,F,Sectorul 3,Bucuresti,U,16624
5,999,999,999,999,999,999,999,999,999,"PSD nu tine pasul cu schimbarea, nici macar de imagine.",3,3,5,0,0,0,0,12195,35-44,F,Tulcea,Tulcea,U,16630
5,5,5,5,5,5,5,5,5,5,999,4,5,5,5,5,5,5,8100,25-34,F,Baia Mare,Maramures,U,16641
999,999,999,999,999,999,999,999,999,999,999,4,0,1,0,0,0,0,716,18 -24,F,Arad,Arad,U,16650
6,10,10,999,999,10,10,10,10,10,Nu stiu nu le am cu politica,3,1,8,2,1,2,1,716,25-34,F,Arad,Arad,U,16651
10,5,5,5,5,5,5,5,5,5,oaneni diferiti in partide diferite,3,0,4,4,0,4,0,3420,25-34,F,Sectorul 2,Bucuresti,U,16662
9,9,9,9,9,0,0,0,0,0,Nu sunt difetente,2,0,0,0,0,0,0,7178,55-64,F,Lupeni,Hunedoara,U,16676
10,10,10,10,10,10,10,10,10,10,"PSD partid de stanga orientat spre sustinerea sociala
PNl partid de dreapta orientat spre o viziune liberala",3,0,5,5,0,5,0,3421,25-34,F,Sectorul 3,Bucuresti,U,16681
5,999,999,999,999,999,999,999,999,999,999,3,999,999,999,999,999,999,5959,18 -24,F,Galati,Galati,U,16695
7,5,8,3,3,4,7,6,3,5,viziuni diferite si oameni diferiti.,3,7,7,8,4,3,1,2816,25-34,M,Botosani,Botosani,U,16696
5,5,5,5,6,6,4,5,6,7,999,3,7,5,3,6,0,0,3424,25-34,F,Sectorul 6,Bucuresti,U,16697
10,10,10,7,5,10,10,7,10,8,"Democratie versus liberalism conform doctrinei. In realitate, toti o apa s-un pamant dupa ce ajung la conducere!",4,1,1,1,1,1,1,8100,45-54,M,Baia Mare,Maramures,U,16709
10,5,6,3,7,2,6,4,4,2,Diferente de ideologia si identitate ale partidelor,1,4,8,7,5,5,2,8100,25-34,M,Baia Mare,Maramures,U,16710
5,8,5,4,7,6,4,5,7,5,999,3,0,8,8,5,6,6,10217,18 -24,F,Ploiesti,Prahova,U,16713
6,4,6,6,5,4,7,6,5,4,999,2,1,1,10,6,4,3,8100,18 -24,F,Baia Mare,Maramures,U,16717
5,999,999,999,999,999,999,999,999,999,999,3,999,999,999,999,999,999,4281,35-44,M,Resita,Caras-Severin,U,16720
999,5,5,5,5,5,5,5,5,5,999,3,5,5,5,5,5,5,5648,45-54,M,Filiasi,Dolj,U,16724
5,5,5,0,0,4,10,6,0,999,999,3,1,5,3,3,4,0,7753,45-54,F,Iasi,Iasi,U,16725
7,5,5,5,3,5,5,5,5,5,diferente de mentalitate,3,8,2,4,6,4,1,11775,25-34,F,Biled,Timis,R,16728
999,999,999,999,999,999,999,999,999,999,999,4,0,10,0,10,0,0,12718,18 -24,F,Stoilesti,Valcea,R,16739
5,5,3,3,2,8,1,1,3,2,"Spre deosebire de PSD,PNL a mai facut ceva bun pentru tara",3,0,9,3,1,1,1,11496,25-34,F,Vatra Dornei,Suceava,U,16747
10,1,10,0,0,0,1,0,0,10,PSD Au alte altfel de gandiri lupta pentru binele tarii,2,9,0,0,10,0,0,1989,35-44,F,Slanic Moldova,Bacau,U,16748
0,1,5,3,0,3,2,6,3,4,Toate lucreaza pentru interesul lor si nu pentru omul de rand care munceste pe brângi pentru salariul sau.,3,2,10,0,10,0,0,11517,25-34,F,Alexandria,Teleorman,U,16755
999,999,999,999,999,999,10,999,999,999,999,4,0,0,0,1,0,0,4765,25-34,F,Turda,Cluj,U,16757
10,999,999,999,999,999,999,999,999,999,999,3,999,999,999,999,999,999,5270,45-54,F,Gaesti,Dambovita,U,16766
999,999,999,999,999,999,999,999,999,999,999,3,999,999,999,999,999,999,4910,35-44,F,Medgidia,Constanta,U,16793
7,10,8,3,7,3,8,7,3,9,"1.privatizarile in economie la liberali
2.influenta statului in economie e zero la liberal
3liberalii -crestini",2,6,9,8,6,8,1,7753,55-64,M,Iasi,Iasi,U,16797
6,5,10,5,10,5,5,5,5,5,FIECARE PARTID E CONDUS DE PERSOANE DIFERITE,2,999,10,3,10,10,9,3455,25-34,F,Basca Rozilei,Buzau,U,16799
10,10,10,0,0,999,10,0,999,10,999,2,10,0,0,10,0,0,5959,45-54,F,Galati,Galati,U,16808
5,5,10,5,5,10,5,7,5,8,999,4,10,1,0,0,0,0,7544,35-44,F,Slobozia,Ialomita,U,16809
10,10,10,5,0,10,10,10,10,10,100,1,9,1,0,10,0,0,5621,45-54,F,Craiova,Dolj,U,16810
2,9,7,5,7,3,1,7,1,3,Nu stiu sa dau un raspuns exact. Pot spune ca nu empatizez deloc cu PSD pentru ca a fost si este condus de oameni influenti din perioada comunismului.,3,0,5,2,5,5,0,3420,25-34,F,Sectorul 2,Bucuresti,U,16816
0,1,4,0,2,9,7,10,3,6,999,3,0,10,0,1,0,3,8034,18 -24,F,Gradistea,Ilfov,R,16818
0,10,10,0,9,10,10,0,3,8,999,3,10,10,0,10,0,0,5118,45-54,F,Sfantu Gheorghe,Covasna,U,16824
10,999,10,9,8,0,999,8,10,10,Sunt complet diferite din absolut toate punctele de vedere,3,10,0,1,10,0,0,3130,25-34,F,Braila,Braila,U,16826
10,10,10,10,10,9,9,9,9,9,pnl mai bun,1,999,9,999,999,999,999,2816,25-34,F,Botosani,Botosani,U,16827
10,5,999,5,5,5,10,999,10,999,999,3,10,0,1,5,1,1,3422,18 -24,F,Sectorul 4,Bucuresti,U,16831
6,3,10,5,9,7,6,4,10,5,"Deci sunt partife politice diferite,  politicienii se plimbă dintr-in partid  in altul astfel ca sunt  toți o apa si un pământ",3,4,10,0,0,2,6,3422,25-34,F,Sectorul 4,Bucuresti,U,16832
7,3,10,8,2,10,7,10,3,10,"credibilitatea, transparenta, nr.de simpatizanti, anduranta in politica, monopolul in Parlament/ Camera Deputatilor/ Senat, etc",2,0,0,0,0,10,0,7753,35-44,F,Iasi,Iasi,U,16834
10,9,3,9,10,9,2,4,3,10,999,3,0,10,0,5,1,0,1580,25-34,F,Bacau,Bacau,U,16835
4,5,5,5,5,5,5,5,5,5,opinii si principii diferite,2,4,4,4,4,4,4,5621,25-34,F,Craiova,Dolj,U,16836
6,5,5,5,5,5,4,5,5,6,999,2,1,6,0,0,0,0,7753,25-34,M,Iasi,Iasi,U,16837
999,999,999,999,999,999,999,999,999,999,999,3,999,999,999,999,999,999,1580,35-44,F,Bacau,Bacau,U,16842
0,999,0,10,999,5,3,7,10,10,"Cei de la PSD au încercat niște schimbări în bine pe când pnl-ul nici nu i-am văzut prin ""peisaj""",4,5,0,999,0,0,0,6046,18 -24,M,Suhurlui,Galati,R,16869
0,0,0,0,0,0,0,0,0,0,999,4,0,0,0,0,0,0,,18 -24,F,,,,16882
9,9,999,999,0,999,999,999,0,999,Niciunul din partide nu a facut mare lucru in Romania!,3,4,3,999,3,6,3,,18 -24,F,,,,16890
10,7,10,10,8,5,5,3,6,7,999,3,6,4,1,1,1,1,,18 -24,M,,,,16891
8,10,10,10,9,0,10,0,10,10,999,3,10,0,0,10,0,0,10164,18 -24,M,Mizil,Prahova,U,16902
999,3,999,999,2,1,3,1,1,2,999,4,0,10,0,0,0,0,3424,18 -24,F,Sectorul 6,Bucuresti,U,16908
7,3,9,1,2,3,3,7,6,6,Psd sfideaza populatia pe fata in multe cazuri si intr-un mod urat,2,2,7,0,0,10,0,3421,18 -24,F,Sectorul 3,Bucuresti,U,16934
10,999,10,10,999,9,0,999,999,10,999,2,10,999,0,999,0,0,5665,18 -24,F,Ghidici,Dolj,R,16943
0,0,0,0,0,0,0,0,0,0,Toți mint si fac numai pentru ei,2,0,1,0,0,0,0,12135,18 -24,F,Luncavita,Tulcea,R,16964
8,4,6,3,0,5,4,3,1,3,999,2,0,10,1,0,2,0,8842,18 -24,F,Dubistea de Padure,Mures,R,16966
5,4,8,9,6,5,9,4,8,6,999,2,3,8,7,5,7,6,,18 -24,F,,,,16975
6,6,5,8,2,3,7,3,8,6,999,3,2,10,9,3,3,3,,18 -24,M,,,,16985
3,4,3,5,5,6,4,5,6,7,999,4,2,2,3,2,2,2,3419,18 -24,F,Sectorul 1,Bucuresti,U,16989
3,3,2,2,4,3,2,2,1,3,Au viziuni diferite despre adoptarea unei legi,3,0,0,0,2,2,0,,18 -24,F,,,,16998
3,10,10,10,0,999,1,0,0,0,999,3,10,0,0,0,999,999,2656,18 -24,F,Maieru,Bistrita-Nasaud,R,17002
7,999,999,999,999,999,999,999,999,999,999,4,0,5,0,0,0,0,,18 -24,F,,,,17040
0,1,1,2,2,2,8,2,9,4,999,2,10,0,0,0,0,0,,18 -24,M,,,,17060
5,4,3,5,6,10,4,999,7,6,999,3,1,10,8,4,5,999,,18 -24,F,,,,17082
10,10,10,4,10,10,2,4,10,10,Nu pot ajunge niciodata la o decizie comuna si este mai mereu scandal si ură între ei,4,2,1,0,0,0,0,8288,18 -24,M,Sighetu Marmatiei,Maramures,U,17099
999,999,999,999,999,999,999,999,999,999,999,4,8,1,0,0,0,0,4035,18 -24,M,Socoalele,Calarasi,R,17114
999,999,999,999,999,999,999,999,999,999,999,4,999,999,999,999,999,999,5002,18 -24,F,Valu lui Traian,Constanta,R,17121
6,1,6,4,4,7,4,10,5,6,unii fura ..altii nu,2,10,0,0,0,0,0,6268,18 -24,M,Balanesti,Gorj,R,17127
5,5,1,4,0,4,3,3,0,2,Mentalitatea și modul de abordare a unor probleme,3,0,5,0,0,1,0,,18 -24,F,,,,17139
10,7,6,0,5,5,10,5,8,5,999,3,10,999,999,999,999,999,12043,18 -24,M,Timisoara,Timis,U,17154
999,999,999,999,999,999,999,999,999,999,999,3,5,9,3,0,1,0,4473,18 -24,F,Cluj-Napoca,Cluj,U,17167
7,10,10,5,0,5,10,5,10,10,"in principiu ar trebui sa fie doctrina , insa in realitate PNL nu are doctrina, iar PSD are o doctrina social liberala",1,3,1,0,4,2,0,3422,18 -24,F,Sectorul 4,Bucuresti,U,17182
10,5,10,5,10,5,10,5,4,5,999,3,10,9,1,1,5,5,3454,18 -24,M,Basca Chiojdului,Buzau,R,17187
10,999,999,999,999,999,999,999,999,999,999,3,10,999,999,999,999,999,5270,18 -24,F,Gaesti,Dambovita,U,17208
10,999,999,999,999,999,999,999,999,999,999,4,0,0,0,0,0,0,6908,18 -24,M,Toplita,Harghita,U,17243
7,7,5,5,5,7,5,5,7,6,PNL sunt oameni dezonorati,3,5,5,1,3,3,3,3408,18 -24,M,Victoria,Brasov,U,17251
999,999,999,999,999,999,999,999,999,999,999,4,999,999,999,999,999,999,,18 -24,F,,,,17253
6,5,6,5,3,5,5,5,5,5,999,3,0,999,999,0,999,0,,18 -24,F,,,,17272
7,7,8,9,0,6,9,8,8,7,Ideologiile,3,8,6,0,0,0,0,4473,25-34,F,Cluj-Napoca,Cluj,U,17275
10,999,999,999,999,999,999,999,999,999,999,3,999,10,999,999,999,999,,18 -24,F,,,,17276
0,0,0,0,0,0,0,0,0,0,Nici una,3,1,10,1,1,1,1,,18 -24,F,,,,17280
0,7,0,0,10,10,5,4,10,2,999,1,10,0,7,6,4,0,10217,18 -24,M,Ploiesti,Prahova,U,17452
6,10,0,6,0,3,10,8,4,5,Probabil dacă ajungeau la guvernare nu ieșea atât scandal și nu dădeau mai mult decât le permiteau bugetul. Poate erau mai cumpătați cu privire la legi.  Practic psdul a dat ca să ia din alta parte.,3,0,3,10,0,0,0,1580,18 -24,M,Bacau,Bacau,U,17488
7,3,10,4,2,7,10,2,3,7,999,3,10,8,0,0,0,0,12057,18 -24,F,Urseni,Timis,R,17507
7,6,4,5,5,0,5,5,3,4,Ambele partide folosesc politica ca pe o arma legala pentru a obține ce vor,3,0,2,0,0,0,0,,25-34,M,,,,17601
6,2,5,3,3,3,5,2,5,5,PSD a avut intotdeauna demersuri inspirate de era comunista.,3,0,6,6,3,0,0,,18 -24,F,,,,17604
5,999,999,999,999,999,999,999,999,999,999,4,999,999,999,999,999,999,12117,18 -24,M,Greci,Tulcea,R,17609
999,999,999,999,999,999,999,999,999,999,999,4,1,1,0,0,0,0,3920,18 -24,F,Calarasi,Calarasi,U,17614
0,0,0,0,0,0,0,0,0,0,Naspa toate sunt dupa bani,4,5,5,5,5,5,5,,18 -24,M,,,,17622
5,999,999,999,999,999,999,999,999,999,999,2,999,999,999,999,999,999,3419,18 -24,F,Sectorul 1,Bucuresti,U,17632
7,5,5,5,5,5,5,5,5,5,999,4,5,5,5,5,5,5,3421,18 -24,F,Sectorul 3,Bucuresti,U,17655
5,9,3,999,6,8,6,4,10,4,999,3,0,10,0,0,1,0,1580,18 -24,F,Bacau,Bacau,U,17666
999,999,999,999,999,999,999,999,999,999,999,4,0,0,0,0,0,0,2785,18 -24,M,Albesti,Botosani,R,17675
6,4,8,6,3,5,5,3,6,4,999,4,999,999,999,999,999,999,3417,18 -24,F,Zarnesti,Brasov,U,17712
999,5,4,0,2,999,999,999,999,999,999,4,999,999,999,999,999,999,,18 -24,F,,,,17719
8,6,4,5,1,999,999,999,3,999,999,4,0,4,5,0,0,10,11073,18 -24,F,Sibiu,Sibiu,U,17722
999,999,999,999,999,999,999,999,999,999,999,4,999,999,999,999,999,999,7,18 -24,M,Alba Iulia,Alba,U,17723
6,8,8,7,7,0,1,4,3,1,"PSD este un partid care are ideologie socialismul, PNL are ca ideologie libera exprimare de opinie",2,8,6,7,6,7,9,7753,18 -24,M,Iasi,Iasi,U,17739
999,999,999,999,999,999,999,999,999,999,999,4,999,999,999,999,999,999,3266,18 -24,F,Brasov,Brasov,U,17740
4,4,4,5,4,10,10,7,4,4,999,3,4,4,2,2,2,1,3920,18 -24,F,Calarasi,Calarasi,U,17745
8,10,7,6,3,0,10,5,8,6,999,3,10,3,5,0,0,0,3920,18 -24,M,Calarasi,Calarasi,U,17752
6,6,999,999,8,999,5,999,6,999,999,3,0,0,0,3,0,0,10217,18 -24,F,Ploiesti,Prahova,U,17763
5,5,5,8,5,5,6,5,5,5,999,4,0,0,0,0,0,0,,18 -24,F,,,,17802
999,999,999,999,999,999,999,999,999,999,999,4,2,2,5,4,4,8,12043,18 -24,F,Timisoara,Timis,U,17813
2,999,2,6,1,2,2,3,0,5,999,3,0,3,5,2,4,1,,18 -24,M,,,,17826
10,10,10,2,10,0,0,10,10,10,999,3,10,10,10,10,10,10,3474,18 -24,F,Bradeanu,Buzau,R,17832
10,7,2,10,10,10,10,999,999,10,Nu stiu nu ma intereseaza politica,4,8,10,10,10,10,10,,18 -24,M,,,,17833
5,1,3,4,2,5,5,4,4,2,999,3,4,2,3,9,1,1,7581,18 -24,M,Barnova,Iasi,R,17850
5,4,999,10,6,10,10,5,0,10,999,3,10,6,0,0,0,6,,18 -24,M,,,,17852
5,5,999,10,10,10,10,5,4,6,999,3,5,3,0,0,0,1,9730,18 -24,M,Icoana,Olt,R,17868
7,3,2,4,5,2,3,4,5,5,Nu vreau să comentez deciziile instanței judecătorești. Așa ar trebui să facă toți politicienii. Ceea ce mă revoltă este reacția Premierului României. Ponta își apără corupții cu îndârjire. Ponta nu r,3,5,10,0,1,0,0,2339,18 -24,F,Oradea,Bihor,U,17893
999,999,999,999,999,999,999,999,999,999,999,4,999,999,999,999,999,999,5621,18 -24,F,Craiova,Dolj,U,17897
5,999,999,999,6,999,999,999,999,999,999,3,10,999,999,999,999,999,5202,18 -24,F,Ciocanesti,Dambovita,R,17905
999,999,999,999,999,999,999,999,999,999,999,3,1,1,1,1,5,1,3424,18 -24,F,Sectorul 6,Bucuresti,U,17917
7,999,10,10,999,10,7,10,999,10,999,4,0,0,0,0,10,0,,18 -24,F,,,,17921
5,8,8,9,9,9,10,8,8,9,999,1,8,9,10,10,9,8,9457,18 -24,F,Roman,Neamt,U,17925
5,999,999,999,10,999,999,999,5,999,"PSD e pe conceptia ,,comunism""",3,0,5,999,999,999,999,1573,18 -24,F,Agas,Bacau,R,17948
10,1,3,0,2,999,999,999,999,999,999,3,0,1,10,2,1,2,8101,18 -24,M,Baia Sprie,Maramures,U,17959
10,10,10,10,10,10,10,10,10,10,999,3,10,0,0,0,0,0,3130,18 -24,F,Braila,Braila,U,17963
8,8,9,6,7,7,5,7,8,6,999,2,0,0,0,0,7,0,4473,18 -24,F,Cluj-Napoca,Cluj,U,17975
10,10,10,5,0,8,10,9,10,10,"PSD este un partid de dreapta,pe cand PNL este un partid de stanga",3,10,0,0,5,0,0,3424,18 -24,F,Sectorul 6,Bucuresti,U,17985
4,999,4,999,5,6,5,6,1,6,999,3,0,2,3,1,2,0,3422,18 -24,F,Sectorul 4,Bucuresti,U,17989
1,999,999,999,999,999,999,999,999,999,999,4,999,999,999,999,999,999,5078,18 -24,F,Intorsura Buzaului,Covasna,U,17991
999,2,10,10,10,5,3,10,6,5,999,4,0,4,3,0,4,2,11073,18 -24,F,Sibiu,Sibiu,U,17994
5,5,10,10,0,10,10,10,5,5,999,3,0,10,10,0,0,0,716,18 -24,M,Arad,Arad,U,18004
5,4,10,5,6,5,6,10,4,3,999,3,10,4,2,7,5,3,3130,18 -24,M,Braila,Braila,U,18006
999,999,999,999,999,999,999,999,999,999,"Nu stiu, nu ma intereseaza politica",4,999,999,999,999,999,999,7753,18 -24,F,Iasi,Iasi,U,18009
10,1,0,0,0,0,0,2,0,0,Au distrus tot in tara,3,10,1,0,0,0,0,,18 -24,F,,,,18013
7,1,1,3,6,999,999,999,999,999,999,4,1,1,1,2,1,1,,18 -24,F,,,,18020
5,6,6,6,6,1,1,1,1,1,999,4,1,0,0,0,0,0,7407,18 -24,M,Valisoara (Valisoara),Hunedoara,R,18025
10,999,999,999,999,999,999,999,999,999,999,4,999,999,999,999,999,999,4281,18 -24,M,Resita,Caras-Severin,U,18058
3,10,4,5,6,4,3,5,999,999,999,4,0,0,0,0,0,0,3130,18 -24,M,Braila,Braila,U,18085
7,999,999,999,999,3,4,5,5,4,999,3,0,1,1,1,1,1,,18 -24,F,,,,18100
5,999,5,999,999,5,999,999,999,999,999,3,5,3,0,0,5,1,,18 -24,F,,,,18124
6,9,7,5,1,5,9,8,4,4,999,3,5,3,1,4,1,1,4828,18 -24,F,Cernavoda,Constanta,U,18136
6,8,2,8,0,8,10,7,0,5,"Mentalitatea,modul de acordare si rezolvare a problemelor",3,8,6,0,7,1,0,5959,18 -24,F,Galati,Galati,U,18143
6,7,6,3,5,3,7,8,2,4,Diferenta o face cine este la conducerea partidului,2,7,6,6,4,2,1,3464,18 -24,F,Berca,Buzau,R,18220
3,999,999,999,2,999,999,999,999,999,Parerea mea e ca amandoua partidele fac promisiuni peste promisiuni in timpul alegerilor de care uita foarte repede,3,10,10,0,0,0,4,,18 -24,F,,,,18238
10,10,10,10,10,999,10,10,999,999,999,4,0,0,0,5,0,0,,18 -24,F,,,,18245
0,0,0,1,0,10,0,0,0,0,999,3,10,0,0,0,0,0,,18 -24,F,,,,18251
8,6,6,8,6,5,8,6,6,9,999,2,5,9,6,4,3,2,801,18 -24,M,Fiscut,Arad,R,18255
9,7,8,9,9,5,7,9,8,9,"Presedintii de partid
Idei diferite",3,0,10,0,0,6,0,8100,18 -24,F,Baia Mare,Maramures,U,18269
4,999,10,999,10,999,999,999,999,999,999,4,7,6,3,6,3,1,3471,25-34,M,Boldu,Buzau,R,18291
999,999,999,999,999,999,999,999,999,999,999,4,999,999,999,999,999,999,4448,18 -24,F,Caseiu,Cluj,R,18294
4,8,7,3,0,3,6,7,2,1,999,3,0,7,3,0,0,7,11073,18 -24,F,Sibiu,Sibiu,U,18308
999,999,999,999,999,999,999,999,999,999,999,3,9,1,1,1,1,1,7991,18 -24,F,Balotesti,Ilfov,R,18312
1,10,10,10,10,10,10,10,10,10,999,4,10,10,0,0,0,0,,18 -24,F,,,,18313
3,4,10,6,4,8,3,8,5,7,999,1,0,5,5,3,7,0,,18 -24,M,,,,18314
999,999,999,999,999,999,999,999,999,999,999,3,0,8,0,0,0,0,3423,18 -24,M,Sectorul 5,Bucuresti,U,18321
1,0,0,3,0,2,0,5,2,0,999,4,0,1,0,1,0,0,3423,18 -24,M,Sectorul 5,Bucuresti,U,18324
10,6,5,5,5,5,5,5,5,5,"Principalele diferente sunt modul de abordare al problemei si regimul de conducere, de stanga si de dreapta.",3,0,3,0,0,0,0,,18 -24,M,,,,18329
999,999,999,999,999,999,999,999,999,999,999,3,999,999,999,999,999,999,,18 -24,F,,,,18335
0,0,0,0,0,0,0,0,0,0,999,4,0,0,0,4,0,0,5959,25-34,M,Galati,Galati,U,18339
7,5,10,6,5,5,2,9,8,8,ajutorul dat categoriilor neprivilegiate,2,8,4,4,6,1,2,5529,55-64,M,Balta,Dolj,U,18352
6,7,6,4,5,6,5,6,5,5,999,3,999,999,999,999,999,999,3424,18 -24,F,Sectorul 6,Bucuresti,U,18358
999,6,4,4,1,3,4,4,1,3,999,3,1,999,999,999,999,999,3424,18 -24,M,Sectorul 6,Bucuresti,U,18379
10,10,10,5,5,6,5,5,0,5,999,1,0,1,1,1,1,0,3261,18 -24,M,Berivoi,Brasov,R,18389
0,0,0,0,0,0,0,0,0,0,Sincer nu vad nici o diferenta dar sunt de parere ca psd a facut si probabil va mai face ceva pentru poporul roman,3,9,5,0,0,0,0,7795,18 -24,M,Miroslava,Iasi,R,18392
2,3,7,7,7,3,7,4,7,3,999,4,1,1,0,0,0,0,,18 -24,M,,,,18394
4,999,999,999,999,999,999,999,999,999,999,3,999,999,999,999,999,999,6053,18 -24,F,Tecuci,Galati,U,18408
10,8,9,1,3,3,10,8,6,2,Modul de gandire,3,0,9,10,0,4,0,,18 -24,F,,,,18411
10,999,7,9,0,2,10,7,7,4,999,4,10,999,999,999,999,5,,18 -24,M,,,,18469
